sno,total,available_rent_bikes,available_return_bikes,infoTime
500101001,28,3,25,2024-07-31 03:07:19
500101001,28,3,25,2024-07-31 00:45:21
500101003,16,11,5,2024-07-31 02:26:18
500101004,11,9,2,2024-07-31 01:01:23
500101005,16,2,14,2024-07-31 00:11:19
500101005,16,1,15,2024-07-31 03:15:20
500101006,11,0,11,2024-07-31 00:29:14
500101009,16,6,9,2024-07-31 00:59:19
500101009,16,3,12,2024-07-31 01:21:19
500101012,8,2,6,2024-07-31 01:33:19
500101012,8,1,7,2024-07-31 00:13:21
500101013,9,8,1,2024-07-31 00:59:19
500101014,11,4,6,2024-07-31 03:14:19
500101014,11,3,7,2024-07-31 00:56:19
500101016,8,3,4,2024-07-31 02:31:19
500101019,24,8,16,2024-07-31 00:10:27
500101021,7,3,4,2024-07-31 02:40:27
500101021,7,1,6,2024-07-31 00:38:19
500101022,99,3,77,2024-07-31 02:30:31
500101022,99,2,78,2024-07-31 01:08:20
500101023,25,10,15,2024-07-31 00:58:20
500101025,99,7,92,2024-07-31 03:17:35
500101025,99,6,93,2024-07-31 01:06:19
500101026,15,7,8,2024-07-31 01:02:19
500101027,39,18,21,2024-07-31 00:50:28
500101027,39,16,23,2024-07-31 03:17:35
500101028,20,1,19,2024-07-31 02:57:19
500101030,34,0,34,2024-07-31 00:49:15
500101033,46,46,0,2024-07-31 00:23:02
500101034,18,2,16,2024-07-31 01:49:18
500101034,18,2,16,2024-07-31 00:30:50
500101038,27,0,27,2024-07-31 00:37:14
500101039,28,0,28,2024-07-31 00:23:02
500101040,25,1,24,2024-07-31 00:15:21
500101041,41,4,37,2024-07-31 00:27:19
500101042,15,14,0,2024-07-31 00:58:04
500101091,34,9,25,2024-07-31 02:09:18
500101094,20,5,15,2024-07-31 00:16:19
500101095,37,28,9,2024-07-31 00:17:37
500101095,37,26,11,2024-07-31 02:05:21
500101098,25,6,19,2024-07-31 01:03:40
500101098,25,5,20,2024-07-31 02:39:19
500101099,44,38,2,2024-07-31 02:30:31
500101099,44,35,5,2024-07-31 00:39:18
500101100,50,38,12,2024-07-31 00:38:19
500101101,64,30,34,2024-07-31 03:06:20
500101105,45,15,30,2024-07-31 03:02:19
500101105,45,13,32,2024-07-31 01:09:19
500101109,40,13,27,2024-07-31 03:01:21
500101110,60,39,21,2024-07-31 03:17:35
500101110,60,38,22,2024-07-31 00:45:21
500101111,14,7,7,2024-07-31 00:52:20
500101113,51,28,23,2024-07-31 00:04:17
500101114,51,18,33,2024-07-31 02:52:18
500101114,51,18,33,2024-07-31 00:59:19
500101115,50,12,38,2024-07-31 01:17:37
500101116,44,28,16,2024-07-31 01:06:19
500101116,44,27,17,2024-07-31 01:58:19
500101118,12,9,3,2024-07-31 02:43:19
500101119,20,17,3,2024-07-31 00:56:19
500101120,43,9,34,2024-07-31 01:05:22
500101122,14,0,14,2024-07-31 01:23:15
500101124,17,0,17,2024-07-31 01:37:14
500101125,30,16,3,2024-07-31 01:04:19
500101125,30,18,4,2024-07-31 03:01:21
500101127,45,7,38,2024-07-31 01:06:19
500101128,33,32,1,2024-07-31 02:40:27
500101131,50,4,46,2024-07-31 03:10:28
500101133,43,0,43,2024-07-31 02:45:15
500101134,13,0,13,2024-07-31 00:49:15
500101135,22,5,17,2024-07-31 01:01:23
500101135,22,4,18,2024-07-31 01:30:33
500101136,18,8,10,2024-07-31 00:56:19
500101137,70,0,70,2024-07-31 00:27:14
500101141,24,19,5,2024-07-31 02:27:18
500101141,24,8,16,2024-07-31 01:06:19
500101142,30,8,22,2024-07-31 03:16:18
500101144,69,38,31,2024-07-31 00:38:19
500101145,15,0,15,2024-07-31 00:30:44
500101146,25,6,19,2024-07-31 01:07:19
500101146,25,5,20,2024-07-31 02:15:21
500101147,20,1,19,2024-07-31 00:19:19
500101148,32,19,13,2024-07-31 02:50:26
500101149,15,14,1,2024-07-31 00:54:20
500101150,34,3,31,2024-07-31 00:56:19
500101150,34,1,33,2024-07-31 02:18:19
500101151,23,13,10,2024-07-31 02:57:44
500101151,23,7,16,2024-07-31 01:01:24
500101158,14,11,3,2024-07-31 02:28:18
500101158,14,11,3,2024-07-31 01:09:19
500101160,17,2,15,2024-07-31 00:45:21
500101161,18,0,18,2024-07-31 00:23:02
500101162,25,12,13,2024-07-31 00:38:19
500101163,15,11,4,2024-07-31 02:17:34
500101165,17,6,6,2024-07-31 00:36:20
500101165,17,8,8,2024-07-31 02:21:19
500101166,54,7,47,2024-07-31 01:27:19
500101167,45,0,45,2024-07-31 00:24:14
500101168,36,2,34,2024-07-31 01:57:43
500101169,49,5,44,2024-07-31 03:02:19
500101170,36,9,20,2024-07-31 01:57:19
500101170,36,8,21,2024-07-31 01:05:22
500101171,33,2,31,2024-07-31 00:51:20
500101171,33,1,32,2024-07-31 02:23:19
500101172,33,2,31,2024-07-31 03:18:19
500101174,37,20,17,2024-07-31 00:54:20
500101175,17,5,12,2024-07-31 03:19:18
500101175,17,3,14,2024-07-31 00:15:21
500101177,15,10,4,2024-07-31 01:03:19
500101179,28,10,18,2024-07-31 00:40:27
500101180,11,1,10,2024-07-31 00:59:19
500101181,99,30,69,2024-07-31 02:31:19
500101182,16,5,10,2024-07-31 02:12:19
500101182,16,5,10,2024-07-31 01:07:19
500101185,12,9,3,2024-07-31 00:47:19
500101188,27,9,18,2024-07-31 02:34:18
500101190,26,15,8,2024-07-31 01:30:33
500101190,26,14,9,2024-07-31 00:29:19
500101192,36,0,36,2024-07-31 01:39:14
500101192,36,0,36,2024-07-31 01:08:20
500101193,51,45,5,2024-07-31 02:56:20
500101193,51,41,9,2024-07-31 01:07:19
500101194,16,3,13,2024-07-31 00:58:04
500101196,15,1,14,2024-07-31 02:06:19
500101196,15,1,14,2024-07-31 00:59:19
500101197,15,0,15,2024-07-31 01:03:14
500101198,16,13,3,2024-07-31 01:06:19
500101198,16,10,6,2024-07-31 03:12:19
500101199,13,10,3,2024-07-31 01:06:19
500101202,16,4,12,2024-07-31 00:54:14
500101204,17,2,15,2024-07-31 01:02:19
500101208,15,13,2,2024-07-31 02:57:39
500101209,40,1,39,2024-07-31 03:12:14
500101210,40,6,34,2024-07-31 02:02:19
500101210,40,4,36,2024-07-31 01:07:19
500101211,23,11,12,2024-07-31 02:03:20
500101215,17,15,2,2024-07-31 02:48:19
500101218,23,17,3,2024-07-31 01:59:19
500101223,13,8,3,2024-07-31 01:52:19
500101223,13,7,4,2024-07-31 00:14:19
500101226,28,15,6,2024-07-31 02:52:18
500101226,28,15,6,2024-07-31 01:09:19
500101228,21,0,21,2024-07-31 03:19:18
500101229,15,3,11,2024-07-31 01:02:19
500101230,20,15,5,2024-07-31 00:25:21
500101236,18,13,3,2024-07-31 02:39:19
500101236,18,10,6,2024-07-31 00:14:19
500101238,16,1,15,2024-07-31 00:53:19
500101239,15,15,0,2024-07-31 02:26:14
500103001,30,20,10,2024-07-31 02:36:18
500103001,30,18,11,2024-07-31 00:19:19
500103002,20,18,2,2024-07-31 01:56:19
500103006,14,11,3,2024-07-31 02:09:18
500103007,16,14,1,2024-07-31 00:34:19
500103007,16,14,2,2024-07-31 01:19:19
500103008,37,37,0,2024-07-31 00:50:23
500103009,44,10,32,2024-07-31 00:59:19
500103010,41,26,15,2024-07-31 00:36:20
500103011,49,24,25,2024-07-31 00:44:19
500103012,25,24,0,2024-07-31 00:42:14
500103013,24,20,3,2024-07-31 00:35:20
500103021,35,26,5,2024-07-31 01:35:20
500103021,35,24,6,2024-07-31 00:29:19
500103022,14,11,3,2024-07-31 00:40:27
500103024,57,1,56,2024-07-31 02:12:14
500103025,18,2,16,2024-07-31 01:42:19
500103026,25,2,23,2024-07-31 00:16:19
500103027,41,0,40,2024-07-31 01:09:14
500103028,62,11,51,2024-07-31 02:19:18
500103030,38,21,17,2024-07-31 02:57:19
500103030,38,18,18,2024-07-31 01:08:20
500103031,18,16,2,2024-07-31 03:16:18
500103031,18,16,2,2024-07-31 00:37:19
500103033,14,7,7,2024-07-31 02:38:19
500103035,26,26,0,2024-07-31 02:19:14
500103035,26,24,2,2024-07-31 01:05:15
500103036,21,17,4,2024-07-31 01:57:48
500103037,31,25,6,2024-07-31 00:56:20
500103038,20,20,0,2024-07-31 03:07:14
500103039,40,27,13,2024-07-31 00:53:19
500103041,15,14,1,2024-07-31 00:31:19
500103043,20,19,1,2024-07-31 00:40:22
500103044,52,6,44,2024-07-31 00:42:19
500103046,17,1,16,2024-07-31 01:10:28
500103047,17,3,14,2024-07-31 02:03:20
500103048,18,8,10,2024-07-31 02:31:19
500103049,10,4,6,2024-07-31 01:29:18
500103051,20,5,15,2024-07-31 02:57:19
500103053,15,4,11,2024-07-31 02:21:19
500103053,15,3,12,2024-07-31 00:59:19
500103054,15,12,3,2024-07-31 02:45:20
500103055,18,3,15,2024-07-31 02:01:21
500103055,18,2,16,2024-07-31 00:42:19
500103056,14,13,1,2024-07-31 02:13:14
500103058,40,40,0,2024-07-31 00:58:04
500103058,40,39,1,2024-07-31 03:19:18
500103059,38,21,17,2024-07-31 02:38:19
500103060,14,3,11,2024-07-31 00:24:18
500103060,14,1,13,2024-07-31 03:11:19
500103061,21,6,14,2024-07-31 00:19:19
500103062,15,7,8,2024-07-31 01:01:23
500103064,16,15,1,2024-07-31 03:13:18
500103064,16,13,3,2024-07-31 00:56:19
500104001,17,5,4,2024-07-31 00:48:14
500104004,50,45,5,2024-07-31 02:22:54
500104006,16,9,1,2024-07-31 01:06:19
500104008,50,12,38,2024-07-31 00:46:19
500104010,18,9,9,2024-07-31 03:04:19
500104012,26,3,21,2024-07-31 00:45:21
500104013,15,13,2,2024-07-31 00:40:27
500104014,56,51,5,2024-07-31 01:06:19
500104018,11,4,3,2024-07-31 01:41:18
500104020,25,8,16,2024-07-31 02:21:19
500104024,18,13,4,2024-07-31 02:54:19
500104024,18,13,4,2024-07-31 00:44:19
500104026,27,13,13,2024-07-31 02:13:18
500104026,27,12,14,2024-07-31 00:30:50
500104027,15,1,14,2024-07-31 02:53:15
500104028,21,11,9,2024-07-31 00:56:19
500104029,25,7,18,2024-07-31 00:17:37
500104032,23,16,7,2024-07-31 00:02:19
500104033,14,11,3,2024-07-31 03:16:18
500104033,14,10,4,2024-07-31 01:05:22
500104034,19,6,13,2024-07-31 01:21:14
500104034,19,0,19,2024-07-31 00:03:15
500104036,36,3,33,2024-07-31 00:42:19
500104036,36,2,34,2024-07-31 01:18:19
500104038,46,22,24,2024-07-31 01:01:23
500104038,46,12,34,2024-07-31 01:34:19
500104039,35,17,12,2024-07-31 01:58:19
500104040,25,8,17,2024-07-31 02:45:20
500104041,30,1,29,2024-07-31 02:21:14
500104044,38,33,4,2024-07-31 01:26:14
500104045,25,16,9,2024-07-31 00:13:21
500104046,36,4,32,2024-07-31 01:01:23
500104047,20,12,8,2024-07-31 01:29:18
500104051,30,23,7,2024-07-31 00:26:21
500104059,15,10,0,2024-07-31 00:24:14
500104061,17,11,6,2024-07-31 00:37:19
500104062,16,6,10,2024-07-31 03:19:18
500104072,38,32,6,2024-07-31 00:50:23
500104073,29,18,7,2024-07-31 00:42:19
500104073,29,18,11,2024-07-31 01:56:19
500104076,45,13,32,2024-07-31 00:44:19
500104077,48,9,39,2024-07-31 01:31:19
500104079,16,8,2,2024-07-31 00:56:14
500104081,16,11,4,2024-07-31 01:07:14
500104082,14,5,2,2024-07-31 00:38:19
500104086,12,5,7,2024-07-31 00:32:19
500104087,16,4,12,2024-07-31 00:38:19
500104087,16,2,14,2024-07-31 01:56:19
500104092,12,10,2,2024-07-31 01:34:19
500104094,12,10,2,2024-07-31 00:10:28
500104095,25,17,8,2024-07-31 00:01:21
500104096,15,7,6,2024-07-31 01:16:18
500104096,15,6,7,2024-07-31 00:10:28
500104097,8,5,3,2024-07-31 00:10:27
500104097,8,4,4,2024-07-31 01:59:19
500104098,19,5,14,2024-07-31 02:08:19
500104099,17,5,12,2024-07-31 02:34:18
500104099,17,3,14,2024-07-31 01:07:19
500104102,16,4,12,2024-07-31 00:42:19
500104103,14,10,4,2024-07-31 00:15:21
500104104,14,4,10,2024-07-31 00:36:20
500104105,20,13,7,2024-07-31 02:36:18
500104108,62,2,60,2024-07-31 01:26:34
500104111,15,9,4,2024-07-31 01:14:14
500104112,16,3,12,2024-07-31 00:14:19
500104113,16,10,1,2024-07-31 00:30:50
500104114,13,4,9,2024-07-31 01:25:21
500104115,17,4,13,2024-07-31 00:59:19
500104116,14,8,3,2024-07-31 01:10:23
500104116,14,8,3,2024-07-31 01:08:20
500104123,30,11,19,2024-07-31 01:19:19
500104125,15,9,1,2024-07-31 01:57:19
500104125,15,8,2,2024-07-31 00:38:19
500104128,15,9,2,2024-07-31 01:21:19
500104132,25,21,4,2024-07-31 00:23:19
500105001,40,29,11,2024-07-31 00:39:18
500105002,22,0,22,2024-07-31 00:21:14
500105003,34,11,23,2024-07-31 03:07:19
500105004,35,20,13,2024-07-31 00:30:50
500105005,12,5,7,2024-07-31 02:33:19
500105005,12,1,11,2024-07-31 00:31:19
500105007,63,20,43,2024-07-31 03:13:18
500105007,63,7,56,2024-07-31 00:34:19
500105008,25,12,13,2024-07-31 00:28:20
500105009,28,15,13,2024-07-31 03:16:18
500105009,28,15,13,2024-07-31 00:25:20
500105011,25,22,3,2024-07-31 03:15:20
500105012,32,25,5,2024-07-31 03:13:18
500105014,18,7,11,2024-07-31 03:15:20
500105015,14,12,2,2024-07-31 01:48:19
500105017,22,10,12,2024-07-31 02:50:26
500105020,31,8,23,2024-07-31 02:33:19
500105020,31,8,23,2024-07-31 00:36:20
500105021,49,28,21,2024-07-31 00:56:19
500105022,36,16,20,2024-07-31 00:56:19
500105022,36,15,21,2024-07-31 03:03:30
500105024,25,20,4,2024-07-31 00:39:18
500105025,33,19,13,2024-07-31 00:43:19
500105029,28,17,10,2024-07-31 02:37:18
500105029,28,17,10,2024-07-31 00:17:37
500105030,25,17,8,2024-07-31 02:40:27
500105032,31,19,12,2024-07-31 02:57:19
500105032,31,17,14,2024-07-31 00:21:19
500105033,36,17,19,2024-07-31 00:52:20
500105037,19,9,10,2024-07-31 01:18:19
500105039,15,7,8,2024-07-31 01:57:19
500105042,14,11,3,2024-07-31 00:15:21
500105043,12,4,7,2024-07-31 03:10:28
500105048,20,4,16,2024-07-31 00:27:19
500105050,18,1,17,2024-07-31 01:16:14
500105050,18,0,18,2024-07-31 00:42:14
500105054,14,8,6,2024-07-31 02:08:19
500105056,13,3,10,2024-07-31 03:05:20
500105059,17,11,5,2024-07-31 00:29:19
500105059,17,10,6,2024-07-31 02:53:19
500105060,17,9,8,2024-07-31 00:30:50
500105067,13,13,0,2024-07-31 02:11:14
500105068,10,3,7,2024-07-31 00:22:20
500105069,30,13,17,2024-07-31 00:12:20
500105070,40,29,3,2024-07-31 03:07:19
500105070,40,29,3,2024-07-31 00:57:21
500105071,15,7,8,2024-07-31 01:05:22
500105072,16,6,10,2024-07-31 01:33:19
500105073,14,7,7,2024-07-31 00:29:19
500105076,15,9,6,2024-07-31 01:03:40
500105079,15,8,7,2024-07-31 01:44:19
500105080,25,8,15,2024-07-31 00:42:19
500105082,15,11,4,2024-07-31 01:30:28
500105084,27,14,13,2024-07-31 00:04:18
500105087,21,6,15,2024-07-31 02:21:19
500105089,28,20,8,2024-07-31 00:26:21
500105091,14,7,5,2024-07-31 01:49:18
500105093,12,2,10,2024-07-31 02:22:19
500105095,13,6,4,2024-07-31 01:04:19
500105096,15,3,12,2024-07-31 02:22:54
500105098,18,11,7,2024-07-31 02:49:19
500105098,18,10,8,2024-07-31 00:58:20
500106001,20,13,7,2024-07-31 01:59:19
500106002,20,1,19,2024-07-31 02:53:19
500106003,12,1,11,2024-07-31 00:50:28
500106004,12,3,9,2024-07-31 02:36:18
500106007,34,5,28,2024-07-31 02:19:18
500106007,34,1,32,2024-07-31 00:34:19
500106008,15,15,0,2024-07-31 02:30:26
500106009,39,24,13,2024-07-31 01:02:19
500106011,14,11,3,2024-07-31 01:30:33
500106011,14,11,3,2024-07-31 00:43:19
500106013,15,12,3,2024-07-31 00:38:19
500106015,15,4,11,2024-07-31 00:57:21
500106016,12,8,4,2024-07-31 00:47:19
500106017,55,7,48,2024-07-31 00:35:20
500106018,46,28,18,2024-07-31 02:22:19
500106019,23,1,22,2024-07-31 00:59:15
500106026,21,11,8,2024-07-31 02:08:19
500106026,21,9,10,2024-07-31 00:21:18
500106027,15,7,4,2024-07-31 02:03:20
500106029,41,31,7,2024-07-31 02:48:19
500106029,41,31,7,2024-07-31 01:07:19
500106030,19,11,8,2024-07-31 02:04:20
500106040,23,1,22,2024-07-31 01:05:22
500106040,23,0,23,2024-07-31 03:19:14
500106041,20,2,18,2024-07-31 00:57:21
500106042,39,4,35,2024-07-31 00:15:20
500106043,46,2,44,2024-07-31 03:19:18
500106043,46,2,44,2024-07-31 00:27:19
500106048,59,5,54,2024-07-31 01:22:20
500106049,20,2,18,2024-07-31 00:36:20
500106049,20,1,19,2024-07-31 02:29:18
500106051,17,6,11,2024-07-31 02:47:19
500106054,27,3,24,2024-07-31 00:51:20
500106056,36,11,25,2024-07-31 01:44:19
500106063,23,10,13,2024-07-31 00:01:21
500106065,41,0,41,2024-07-31 03:08:14
500106065,41,0,41,2024-07-31 00:56:14
500106070,39,6,33,2024-07-31 01:08:20
500106070,39,5,34,2024-07-31 02:57:19
500106073,20,7,13,2024-07-31 01:21:19
500106074,15,15,0,2024-07-31 01:19:15
500106075,25,6,19,2024-07-31 00:32:19
500106077,32,10,22,2024-07-31 02:36:18
500106077,32,9,23,2024-07-31 01:06:19
500106078,30,5,25,2024-07-31 01:08:20
500106080,20,1,19,2024-07-31 01:01:18
500106080,20,0,20,2024-07-31 01:26:14
500106083,31,4,27,2024-07-31 02:07:19
500106084,30,1,29,2024-07-31 02:38:19
500106084,30,1,29,2024-07-31 00:40:27
500106089,26,21,5,2024-07-31 02:13:18
500106089,26,18,8,2024-07-31 01:07:19
500106090,40,16,24,2024-07-31 02:16:19
500106091,31,3,28,2024-07-31 00:46:19
500106092,36,0,36,2024-07-31 03:16:14
500106094,14,5,9,2024-07-31 00:21:18
500106096,21,6,8,2024-07-31 02:21:19
500106101,25,2,23,2024-07-31 01:01:23
500106102,19,10,9,2024-07-31 00:22:20
500106103,13,9,4,2024-07-31 00:45:21
500106105,22,1,21,2024-07-31 03:12:14
500106106,26,9,17,2024-07-31 00:18:19
500106106,26,8,18,2024-07-31 01:21:19
500106109,15,14,1,2024-07-31 00:40:27
500106110,31,21,10,2024-07-31 01:54:20
500106110,31,21,10,2024-07-31 00:49:20
500106113,14,10,4,2024-07-31 01:35:20
500106114,14,8,6,2024-07-31 01:11:19
500106116,16,12,2,2024-07-31 01:53:19
500106117,17,15,1,2024-07-31 00:39:18
500106120,29,19,10,2024-07-31 03:18:19
500106120,29,17,10,2024-07-31 01:02:19
500106126,31,10,21,2024-07-31 03:19:18
500106126,31,6,25,2024-07-31 01:05:22
500106127,17,5,12,2024-07-31 00:17:37
500106127,17,4,13,2024-07-31 02:02:19
500106129,15,10,2,2024-07-31 01:05:22
500106130,16,12,1,2024-07-31 03:08:19
500107003,20,6,14,2024-07-31 03:03:20
500107004,13,8,5,2024-07-31 01:03:40
500107007,31,9,22,2024-07-31 01:47:19
500107008,86,7,79,2024-07-31 00:39:18
500107008,86,6,80,2024-07-31 01:44:19
500107011,34,9,25,2024-07-31 00:43:19
500107014,21,6,15,2024-07-31 00:08:19
500107015,30,23,6,2024-07-31 00:43:19
500107016,39,18,20,2024-07-31 01:02:19
500107016,39,13,25,2024-07-31 03:08:19
500107017,34,0,34,2024-07-31 03:15:15
500107017,34,0,34,2024-07-31 01:08:20
500107018,37,2,35,2024-07-31 01:26:14
500107020,32,11,21,2024-07-31 03:01:21
500107020,32,11,21,2024-07-31 00:53:19
500107022,33,6,27,2024-07-31 02:59:19
500107023,62,53,7,2024-07-31 00:58:09
500107024,62,0,61,2024-07-31 01:08:14
500107027,42,1,41,2024-07-31 00:53:14
500107029,37,5,32,2024-07-31 01:43:19
500107029,37,4,33,2024-07-31 01:06:19
500107031,19,10,7,2024-07-31 03:16:18
500107032,45,12,33,2024-07-31 02:57:19
500107033,15,9,6,2024-07-31 01:06:19
500107034,32,20,12,2024-07-31 02:41:19
500107036,42,6,36,2024-07-31 03:13:18
500107038,20,2,18,2024-07-31 02:53:19
500107038,20,2,18,2024-07-31 00:53:19
500107039,15,2,13,2024-07-31 03:12:19
500107041,37,22,15,2024-07-31 02:09:18
500107041,37,21,16,2024-07-31 01:08:20
500107042,24,3,21,2024-07-31 00:02:19
500107043,16,5,11,2024-07-31 00:53:19
500107044,14,7,7,2024-07-31 03:10:28
500107046,18,3,15,2024-07-31 01:35:20
500107047,15,6,9,2024-07-31 00:47:19
500107047,15,4,11,2024-07-31 03:12:19
500107048,24,18,1,2024-07-31 02:02:19
500107048,24,16,3,2024-07-31 01:04:19
500107050,46,36,0,2024-07-31 01:59:14
500107051,50,19,31,2024-07-31 02:30:31
500107052,15,5,10,2024-07-31 01:03:19
500107053,13,13,0,2024-07-31 01:08:20
500107054,15,8,3,2024-07-31 01:27:19
500107054,15,7,4,2024-07-31 01:01:23
500107055,17,14,3,2024-07-31 03:18:19
500107055,17,13,4,2024-07-31 01:06:19
500107056,36,9,27,2024-07-31 03:18:19
500107057,20,1,19,2024-07-31 00:58:09
500107060,30,8,22,2024-07-31 03:06:20
500107062,46,3,43,2024-07-31 03:10:28
500107063,28,4,24,2024-07-31 01:06:19
500107064,50,36,14,2024-07-31 00:21:18
500107065,10,1,9,2024-07-31 00:10:22
500107065,10,0,10,2024-07-31 01:39:14
500107066,20,4,16,2024-07-31 01:04:19
500107067,15,5,10,2024-07-31 00:48:19
500107069,17,5,12,2024-07-31 02:03:20
500107070,14,5,9,2024-07-31 01:28:19
500107071,22,19,2,2024-07-31 01:28:19
500107074,15,10,5,2024-07-31 03:18:19
500107074,15,10,5,2024-07-31 00:48:19
500107075,38,12,26,2024-07-31 02:08:19
500107076,30,25,5,2024-07-31 03:15:20
500107078,24,21,1,2024-07-31 01:09:14
500107078,24,10,11,2024-07-31 03:08:19
500107080,15,1,14,2024-07-31 00:44:14
500107082,22,8,14,2024-07-31 02:57:19
500107082,22,7,15,2024-07-31 00:36:20
500107085,18,0,18,2024-07-31 02:47:14
500107087,26,12,11,2024-07-31 00:56:19
500107088,11,1,10,2024-07-31 00:32:14
500107089,24,2,22,2024-07-31 01:09:19
500107090,19,1,18,2024-07-31 00:43:19
500107091,20,0,20,2024-07-31 01:08:20
500107092,27,6,21,2024-07-31 01:12:14
500107093,32,6,26,2024-07-31 02:13:18
500107096,23,8,15,2024-07-31 03:18:19
500107097,21,7,14,2024-07-31 01:04:19
500107097,21,6,15,2024-07-31 02:56:20
500107098,14,2,12,2024-07-31 02:14:19
500107098,14,1,13,2024-07-31 00:40:27
500107099,10,1,9,2024-07-31 00:58:04
500107103,16,1,15,2024-07-31 02:56:15
500107110,16,6,10,2024-07-31 00:54:20
500107111,39,34,5,2024-07-31 01:30:33
500107111,39,33,6,2024-07-31 01:09:19
500107113,30,6,24,2024-07-31 02:31:19
500107114,30,26,4,2024-07-31 01:06:19
500107116,42,34,8,2024-07-31 01:03:19
500107117,16,13,3,2024-07-31 00:14:19
500107118,32,3,29,2024-07-31 00:58:09
500107120,20,1,19,2024-07-31 00:38:19
500107121,15,11,4,2024-07-31 02:14:19
500107122,21,0,21,2024-07-31 00:59:15
500107123,26,7,19,2024-07-31 01:58:19
500107123,26,7,19,2024-07-31 00:19:19
500107124,14,3,11,2024-07-31 01:02:19
500107124,14,2,12,2024-07-31 01:18:19
500107125,15,7,8,2024-07-31 01:11:19
500107126,25,4,21,2024-07-31 01:09:19
500107128,16,14,2,2024-07-31 00:43:19
500107131,19,3,16,2024-07-31 02:18:19
500107135,15,5,9,2024-07-31 01:09:19
500107135,15,4,10,2024-07-31 02:04:20
500107139,15,8,7,2024-07-31 01:04:19
500107139,15,7,8,2024-07-31 01:17:37
500107140,21,1,20,2024-07-31 01:08:20
500107143,12,1,11,2024-07-31 00:24:14
500107144,30,12,18,2024-07-31 02:33:19
500107145,15,11,4,2024-07-31 02:02:19
500107146,15,11,2,2024-07-31 02:32:19
500107146,15,11,2,2024-07-31 00:27:19
500107147,18,9,9,2024-07-31 03:05:20
500107149,17,2,15,2024-07-31 00:48:19
500107151,22,2,20,2024-07-31 03:05:20
500107151,22,1,21,2024-07-31 00:30:44
500107157,26,11,15,2024-07-31 00:42:19
500107157,26,5,21,2024-07-31 01:50:26
500107158,21,10,11,2024-07-31 01:57:19
500107159,25,16,8,2024-07-31 00:26:21
500107159,25,13,11,2024-07-31 02:02:19
500107162,26,5,21,2024-07-31 00:41:19
500108003,43,1,42,2024-07-31 02:04:20
500108004,16,9,7,2024-07-31 02:31:19
500108004,16,3,13,2024-07-31 00:43:19
500108006,14,9,4,2024-07-31 01:08:20
500108008,18,6,12,2024-07-31 00:16:19
500108010,16,11,5,2024-07-31 01:02:19
500108012,12,9,3,2024-07-31 01:24:19
500108015,15,11,4,2024-07-31 01:05:22
500108016,46,17,29,2024-07-31 01:43:19
500108018,12,10,2,2024-07-31 01:25:21
500108018,12,9,2,2024-07-31 00:44:19
500108019,15,4,10,2024-07-31 00:37:19
500108020,23,7,16,2024-07-31 02:27:18
500108022,60,9,51,2024-07-31 01:06:19
500108023,15,9,5,2024-07-31 00:40:27
500108025,29,4,25,2024-07-31 00:48:19
500108027,30,22,8,2024-07-31 00:52:20
500108031,15,4,11,2024-07-31 02:34:18
500108032,12,6,6,2024-07-31 00:13:21
500108033,37,11,25,2024-07-31 00:25:20
500108035,21,19,2,2024-07-31 00:33:19
500108040,20,17,3,2024-07-31 02:37:18
500108040,20,17,3,2024-07-31 00:17:32
500108043,30,4,26,2024-07-31 00:12:20
500108044,73,16,57,2024-07-31 00:52:20
500108044,73,15,58,2024-07-31 01:22:20
500108047,18,7,11,2024-07-31 02:48:19
500108049,30,19,11,2024-07-31 00:09:19
500108051,24,9,15,2024-07-31 00:56:19
500108054,50,4,46,2024-07-31 01:09:19
500108055,25,6,19,2024-07-31 01:45:20
500108057,37,5,32,2024-07-31 00:16:19
500108058,27,18,9,2024-07-31 00:11:19
500108060,25,5,20,2024-07-31 01:05:22
500108061,19,5,9,2024-07-31 00:01:22
500108063,12,4,8,2024-07-31 00:09:19
500108065,14,7,7,2024-07-31 02:29:18
500108067,19,7,12,2024-07-31 01:52:19
500108070,47,25,22,2024-07-31 00:39:18
500108071,42,39,3,2024-07-31 00:01:21
500108074,20,11,9,2024-07-31 01:57:19
500108075,15,4,11,2024-07-31 01:19:19
500108076,21,4,17,2024-07-31 02:51:18
500108077,15,13,2,2024-07-31 00:28:15
500108078,30,15,15,2024-07-31 03:07:19
500108078,30,15,15,2024-07-31 01:08:20
500108081,29,21,8,2024-07-31 02:30:31
500108082,28,5,20,2024-07-31 01:30:33
500108083,30,4,26,2024-07-31 02:03:20
500108084,34,4,29,2024-07-31 02:05:21
500108084,34,1,32,2024-07-31 00:09:19
500108085,15,6,9,2024-07-31 00:47:19
500108088,15,12,3,2024-07-31 00:16:19
500108090,13,4,9,2024-07-31 00:47:19
500108092,22,4,18,2024-07-31 00:38:14
500108096,25,3,22,2024-07-31 01:34:19
500108098,21,6,15,2024-07-31 00:54:20
500108108,13,8,5,2024-07-31 00:51:20
500108108,13,7,6,2024-07-31 01:46:19
500108111,12,6,6,2024-07-31 01:09:19
500108112,16,12,3,2024-07-31 00:51:20
500108115,16,8,8,2024-07-31 02:30:31
500108116,16,3,13,2024-07-31 00:34:19
500108117,20,3,17,2024-07-31 00:05:21
500108124,16,14,2,2024-07-31 01:15:20
500108128,23,6,17,2024-07-31 01:35:20
500108128,23,4,19,2024-07-31 00:21:19
500108134,11,5,6,2024-07-31 02:36:18
500108137,15,13,2,2024-07-31 01:48:19
500108137,15,12,3,2024-07-31 00:06:20
500108139,15,3,12,2024-07-31 00:48:19
500108140,30,3,27,2024-07-31 01:01:23
500108142,15,15,0,2024-07-31 00:53:14
500108146,20,14,6,2024-07-31 01:23:20
500108146,20,6,14,2024-07-31 00:17:37
500108151,14,3,11,2024-07-31 01:19:15
500108154,16,11,5,2024-07-31 01:28:19
500108158,15,2,13,2024-07-31 00:52:15
500108159,17,4,13,2024-07-31 00:43:15
500108160,19,2,17,2024-07-31 01:33:19
500108162,14,2,12,2024-07-31 01:28:19
500108166,13,3,10,2024-07-31 01:23:15
500108170,15,11,3,2024-07-31 02:40:27
500108170,15,7,7,2024-07-31 00:25:20
500108174,18,3,15,2024-07-31 01:21:19
500108178,22,11,11,2024-07-31 01:39:19
500108179,26,4,22,2024-07-31 00:30:50
500108181,22,14,5,2024-07-31 00:53:19
500109001,20,15,5,2024-07-31 01:37:19
500109003,30,28,2,2024-07-31 01:16:18
500109004,23,8,15,2024-07-31 00:52:20
500109005,25,12,13,2024-07-31 01:06:19
500109005,25,8,17,2024-07-31 03:04:19
500109007,62,26,36,2024-07-31 00:44:19
500109008,25,18,7,2024-07-31 01:59:19
500109009,14,5,8,2024-07-31 02:45:20
500109012,22,4,18,2024-07-31 01:18:19
500109012,22,3,19,2024-07-31 00:16:19
500109013,27,23,4,2024-07-31 01:21:19
500109019,45,27,10,2024-07-31 02:39:19
500109019,45,26,11,2024-07-31 00:47:19
500109022,42,27,15,2024-07-31 01:02:14
500109023,42,13,29,2024-07-31 00:41:19
500109024,30,0,30,2024-07-31 00:44:14
500109025,40,1,39,2024-07-31 00:58:09
500109031,54,16,35,2024-07-31 00:24:18
500109031,54,15,36,2024-07-31 01:49:18
500109032,70,69,1,2024-07-31 02:18:19
500109033,53,32,20,2024-07-31 00:30:50
500109034,62,2,60,2024-07-31 01:23:15
500109035,42,2,40,2024-07-31 02:10:27
500109035,42,1,41,2024-07-31 00:49:20
500109036,33,2,31,2024-07-31 01:07:19
500109037,36,2,34,2024-07-31 00:41:19
500109039,26,5,21,2024-07-31 00:24:18
500109040,13,12,1,2024-07-31 03:18:19
500109041,19,13,6,2024-07-31 00:16:14
500109043,22,17,4,2024-07-31 01:24:19
500109043,22,16,5,2024-07-31 00:48:19
500109045,31,2,29,2024-07-31 00:36:20
500109045,31,1,30,2024-07-31 01:40:26
500109047,22,2,20,2024-07-31 00:07:14
500109050,28,22,6,2024-07-31 02:09:18
500109051,17,9,7,2024-07-31 00:29:19
500109054,39,24,15,2024-07-31 00:34:19
500109056,13,8,5,2024-07-31 00:47:19
500109058,17,8,3,2024-07-31 00:30:50
500109059,15,11,4,2024-07-31 01:02:19
500109060,15,6,9,2024-07-31 00:58:04
500109061,12,6,6,2024-07-31 01:35:20
500109064,15,1,13,2024-07-31 01:56:14
500109064,15,1,13,2024-07-31 00:39:18
500109066,30,17,13,2024-07-31 02:30:31
500109068,33,16,13,2024-07-31 00:57:21
500109070,20,19,1,2024-07-31 01:06:19
500109070,20,18,2,2024-07-31 01:14:19
500109071,25,6,18,2024-07-31 00:17:37
500109072,15,12,3,2024-07-31 00:21:19
500109074,16,13,3,2024-07-31 01:11:19
500109074,16,12,4,2024-07-31 00:05:21
500109075,58,1,57,2024-07-31 02:15:15
500109075,58,0,58,2024-07-31 00:48:14
500109076,29,2,27,2024-07-31 00:41:19
500109081,31,0,31,2024-07-31 00:35:15
500109086,13,9,4,2024-07-31 00:39:18
500109089,15,5,10,2024-07-31 02:24:18
500109089,15,4,11,2024-07-31 00:39:18
500109091,12,7,2,2024-07-31 03:13:18
500109092,30,12,18,2024-07-31 01:04:19
500109093,24,18,6,2024-07-31 00:07:19
500109098,15,10,3,2024-07-31 00:16:14
500109101,50,13,37,2024-07-31 03:06:20
500110003,34,28,6,2024-07-31 01:04:19
500110004,24,24,0,2024-07-31 01:46:14
500110005,77,6,71,2024-07-31 00:46:19
500110007,39,0,39,2024-07-31 00:05:15
500110010,14,4,10,2024-07-31 03:15:20
500110011,36,18,18,2024-07-31 01:28:19
500110011,36,17,19,2024-07-31 00:56:19
500110013,41,26,15,2024-07-31 00:58:09
500110014,66,5,61,2024-07-31 00:59:19
500110014,66,4,62,2024-07-31 02:16:19
500110015,20,0,20,2024-07-31 00:23:02
500110018,26,1,25,2024-07-31 01:38:14
500110021,48,2,46,2024-07-31 00:33:19
500110022,44,37,7,2024-07-31 01:48:19
500110023,51,31,20,2024-07-31 00:56:20
500110024,33,9,24,2024-07-31 00:34:19
500110025,27,26,1,2024-07-31 02:04:20
500110026,17,12,5,2024-07-31 00:41:19
500110027,15,8,7,2024-07-31 02:53:19
500110028,43,16,27,2024-07-31 00:02:19
500110032,30,7,23,2024-07-31 01:08:20
500110034,16,8,7,2024-07-31 02:37:18
500110034,16,8,7,2024-07-31 00:17:37
500110035,27,25,2,2024-07-31 00:27:19
500110037,31,6,25,2024-07-31 03:16:18
500110038,24,20,4,2024-07-31 00:09:19
500110040,30,14,12,2024-07-31 01:40:26
500110041,37,25,12,2024-07-31 03:16:18
500110042,31,2,29,2024-07-31 01:06:19
500110042,31,1,30,2024-07-31 02:54:19
500110044,52,0,52,2024-07-31 00:56:14
500110047,22,3,19,2024-07-31 01:02:19
500110048,34,2,30,2024-07-31 03:14:19
500110050,14,1,13,2024-07-31 01:01:18
500110050,14,0,14,2024-07-31 02:49:15
500110051,22,2,20,2024-07-31 01:12:19
500110051,22,1,21,2024-07-31 00:52:20
500110052,17,0,17,2024-07-31 00:42:14
500110054,13,10,0,2024-07-31 00:54:14
500110055,11,10,1,2024-07-31 02:03:20
500110056,22,12,10,2024-07-31 00:56:19
500110058,13,4,9,2024-07-31 01:43:19
500110058,13,4,9,2024-07-31 01:09:19
500110059,38,18,20,2024-07-31 02:36:18
500110060,31,28,3,2024-07-31 01:36:18
500110061,30,12,18,2024-07-31 01:01:24
500110062,52,5,47,2024-07-31 01:01:24
500110063,30,5,25,2024-07-31 00:24:18
500110064,25,1,24,2024-07-31 02:34:14
500110065,20,1,18,2024-07-31 00:53:19
500110065,20,0,19,2024-07-31 03:19:14
500110069,20,12,8,2024-07-31 02:04:20
500110071,28,0,28,2024-07-31 00:29:14
500110072,20,0,19,2024-07-31 01:06:14
500110073,30,1,29,2024-07-31 03:11:19
500110074,15,2,13,2024-07-31 01:30:33
500110076,30,23,7,2024-07-31 01:03:19
500110076,30,20,10,2024-07-31 03:05:20
500110077,22,13,9,2024-07-31 00:30:50
500110079,20,14,6,2024-07-31 01:03:19
500110082,15,13,2,2024-07-31 01:04:19
500110084,26,19,7,2024-07-31 00:52:20
500110085,14,10,4,2024-07-31 03:17:35
500110085,14,10,4,2024-07-31 01:01:23
500110087,15,14,1,2024-07-31 00:11:14
500110088,15,7,8,2024-07-31 00:12:20
500110090,26,20,6,2024-07-31 00:19:19
500111001,25,16,6,2024-07-31 00:32:19
500111002,56,44,12,2024-07-31 00:59:19
500111002,56,43,13,2024-07-31 02:54:19
500111003,65,11,54,2024-07-31 00:59:19
500111005,53,16,37,2024-07-31 02:01:21
500111007,43,5,38,2024-07-31 01:57:48
500111008,44,32,8,2024-07-31 00:14:19
500111009,36,26,10,2024-07-31 02:21:19
500111010,30,19,11,2024-07-31 01:09:19
500111010,30,17,13,2024-07-31 01:53:19
500111011,30,3,27,2024-07-31 00:16:19
500111011,30,2,28,2024-07-31 01:33:19
500111013,73,5,68,2024-07-31 02:02:19
500111013,73,4,69,2024-07-31 01:03:40
500111014,40,33,7,2024-07-31 01:07:19
500111016,25,23,2,2024-07-31 01:14:19
500111022,40,19,21,2024-07-31 03:18:19
500111023,48,33,15,2024-07-31 00:39:18
500111025,11,4,7,2024-07-31 00:11:14
500111025,11,3,8,2024-07-31 01:29:18
500111026,23,13,10,2024-07-31 00:33:19
500111027,20,14,6,2024-07-31 00:48:19
500111028,22,15,7,2024-07-31 02:31:19
500111031,24,17,7,2024-07-31 03:05:20
500111031,24,17,7,2024-07-31 00:28:20
500111033,26,14,12,2024-07-31 01:14:19
500111036,26,14,12,2024-07-31 02:29:18
500111039,26,10,16,2024-07-31 01:37:19
500111041,26,5,20,2024-07-31 00:43:19
500111042,20,17,3,2024-07-31 02:49:19
500111043,25,4,21,2024-07-31 00:21:18
500111045,40,10,30,2024-07-31 00:53:19
500111046,18,1,17,2024-07-31 01:57:43
500111046,18,0,18,2024-07-31 00:12:14
500111051,24,17,7,2024-07-31 03:11:19
500111052,20,8,12,2024-07-31 01:50:26
500111055,20,7,13,2024-07-31 00:07:19
500111061,25,18,7,2024-07-31 03:05:20
500111065,19,4,14,2024-07-31 01:01:23
500111067,18,16,2,2024-07-31 00:59:19
500111068,24,12,12,2024-07-31 00:48:19
500111072,25,13,11,2024-07-31 00:44:19
500111074,24,16,8,2024-07-31 01:14:19
500111076,18,11,7,2024-07-31 00:45:21
500111078,15,7,8,2024-07-31 00:24:18
500111079,28,9,19,2024-07-31 00:30:50
500111079,28,8,20,2024-07-31 02:25:20
500111080,14,8,6,2024-07-31 02:17:34
500111080,14,6,8,2024-07-31 00:27:19
500111084,15,14,1,2024-07-31 01:30:33
500111085,12,7,5,2024-07-31 03:01:21
500111089,16,5,11,2024-07-31 02:18:19
500111091,14,5,9,2024-07-31 00:54:20
500112001,16,12,0,2024-07-31 03:09:14
500112001,16,4,5,2024-07-31 00:25:20
500112003,16,15,1,2024-07-31 00:37:19
500112004,24,21,3,2024-07-31 03:09:19
500112007,64,2,61,2024-07-31 02:59:19
500112008,47,35,11,2024-07-31 00:48:19
500112009,60,23,37,2024-07-31 00:39:18
500112011,48,3,45,2024-07-31 00:47:19
500112011,48,2,46,2024-07-31 01:25:21
500112012,25,11,9,2024-07-31 03:19:18
500112014,24,9,15,2024-07-31 03:09:19
500112015,41,18,23,2024-07-31 00:42:19
500112016,34,18,6,2024-07-31 00:45:21
500112017,53,26,27,2024-07-31 03:06:20
500112018,35,2,32,2024-07-31 02:40:27
500112020,17,10,6,2024-07-31 01:01:24
500112021,16,3,13,2024-07-31 02:34:14
500112022,56,12,43,2024-07-31 00:29:19
500112023,34,25,9,2024-07-31 03:19:18
500112023,34,16,18,2024-07-31 00:56:19
500112024,34,2,32,2024-07-31 00:37:19
500112024,34,1,33,2024-07-31 01:22:20
500112025,39,21,11,2024-07-31 02:43:19
500112025,39,21,11,2024-07-31 01:01:23
500112026,51,37,6,2024-07-31 02:31:19
500112026,51,32,11,2024-07-31 00:49:20
500112028,23,17,6,2024-07-31 01:19:19
500112030,39,1,38,2024-07-31 00:35:20
500112039,36,28,8,2024-07-31 01:51:19
500112039,36,26,10,2024-07-31 00:48:19
500112040,35,19,5,2024-07-31 01:02:19
500112042,17,0,17,2024-07-31 02:11:14
500112043,65,7,58,2024-07-31 03:12:19
500112043,65,0,65,2024-07-31 00:34:14
500112044,26,6,10,2024-07-31 02:13:18
500112045,56,50,6,2024-07-31 03:08:19
500112045,56,45,11,2024-07-31 00:58:09
500112046,40,33,6,2024-07-31 01:01:24
500112046,40,31,8,2024-07-31 02:09:18
500112047,27,18,9,2024-07-31 01:07:19
500112049,70,18,52,2024-07-31 02:27:18
500112049,70,18,52,2024-07-31 00:56:19
500112051,35,26,9,2024-07-31 03:10:28
500112052,22,5,17,2024-07-31 00:32:19
500112053,20,10,8,2024-07-31 01:09:19
500112053,20,10,10,2024-07-31 01:33:19
500112054,42,3,39,2024-07-31 01:43:19
500112055,31,6,25,2024-07-31 00:58:09
500112057,25,14,5,2024-07-31 02:09:18
500112057,25,12,7,2024-07-31 00:31:19
500112058,22,1,21,2024-07-31 02:58:19
500112058,22,1,21,2024-07-31 01:05:22
500112060,18,5,5,2024-07-31 02:06:19
500112061,15,5,3,2024-07-31 02:39:19
500112063,17,11,4,2024-07-31 01:42:19
500112063,17,11,4,2024-07-31 00:54:20
500112064,51,39,12,2024-07-31 00:38:19
500112067,30,19,5,2024-07-31 02:37:18
500112068,32,21,11,2024-07-31 03:13:18
500112071,32,29,3,2024-07-31 01:03:19
500112072,47,21,26,2024-07-31 02:56:20
500112072,47,21,26,2024-07-31 01:05:22
500112073,38,4,34,2024-07-31 00:51:20
500112075,26,11,15,2024-07-31 03:19:18
500112076,52,25,27,2024-07-31 01:09:19
500112076,52,24,28,2024-07-31 03:12:19
500112078,25,0,25,2024-07-31 00:54:14
500112079,20,4,16,2024-07-31 01:45:20
500112080,19,10,9,2024-07-31 00:41:19
500112081,60,1,59,2024-07-31 01:03:14
500112082,68,1,67,2024-07-31 02:30:26
500112082,68,1,67,2024-07-31 00:28:20
500112086,18,12,6,2024-07-31 03:02:19
500112086,18,12,6,2024-07-31 00:21:18
500112088,12,7,2,2024-07-31 03:17:35
500112091,10,4,6,2024-07-31 00:15:15
500112092,23,8,15,2024-07-31 01:22:20
500112093,14,3,11,2024-07-31 02:10:27
500112094,15,13,1,2024-07-31 03:18:19
500112095,22,21,1,2024-07-31 00:56:19
500112096,18,4,14,2024-07-31 00:56:19
500112097,20,13,0,2024-07-31 01:57:43
500112097,20,5,7,2024-07-31 00:42:19
500112098,13,6,7,2024-07-31 00:09:19
500112100,22,17,1,2024-07-31 01:51:19
500112100,22,17,1,2024-07-31 00:13:21
500112101,20,6,10,2024-07-31 02:13:18
500112102,17,16,1,2024-07-31 03:01:21
500112105,25,1,24,2024-07-31 02:47:14
500112107,20,18,2,2024-07-31 00:51:20
500112108,26,15,11,2024-07-31 01:57:19
500112109,15,13,0,2024-07-31 03:17:30
500112111,22,1,21,2024-07-31 01:39:14
500113002,17,16,1,2024-07-31 00:48:19
500113005,25,19,3,2024-07-31 00:36:20
500113006,23,11,12,2024-07-31 03:12:19
500113008,51,36,15,2024-07-31 02:31:19
500113010,24,2,22,2024-07-31 00:56:20
500113013,20,18,2,2024-07-31 01:08:20
500113014,16,8,8,2024-07-31 00:58:20
500113015,10,9,1,2024-07-31 00:59:15
500113016,14,13,1,2024-07-31 00:42:14
500113017,33,25,8,2024-07-31 03:01:21
500113018,12,4,8,2024-07-31 01:35:20
500113023,50,14,36,2024-07-31 02:10:27
500113023,50,13,37,2024-07-31 00:57:21
500113026,26,15,11,2024-07-31 03:18:19
500113026,26,14,12,2024-07-31 00:05:21
500113030,35,10,25,2024-07-31 02:08:19
500113030,35,9,26,2024-07-31 01:03:19
500113032,19,14,5,2024-07-31 00:23:08
500113034,68,23,10,2024-07-31 02:51:18
500113035,47,8,35,2024-07-31 01:06:19
500113036,30,30,0,2024-07-31 00:03:15
500113038,87,0,87,2024-07-31 03:05:15
500113039,34,2,32,2024-07-31 01:09:19
500113040,30,1,29,2024-07-31 01:08:20
500113042,51,18,33,2024-07-31 03:01:21
500113045,42,3,39,2024-07-31 01:17:37
500113046,23,11,12,2024-07-31 00:56:20
500113050,15,11,4,2024-07-31 01:02:19
500113050,15,9,6,2024-07-31 03:06:20
500113052,17,5,12,2024-07-31 02:39:19
500113052,17,3,14,2024-07-31 00:07:19
500113053,20,19,1,2024-07-31 03:16:18
500113053,20,18,2,2024-07-31 00:08:19
500113054,15,13,2,2024-07-31 00:48:19
500113056,20,17,3,2024-07-31 01:16:18
500113057,15,9,6,2024-07-31 01:16:18
500113061,14,8,6,2024-07-31 00:21:19
500113063,22,9,13,2024-07-31 00:09:19
500113063,22,4,18,2024-07-31 03:01:21
500113064,29,27,2,2024-07-31 01:05:22
500113065,36,10,26,2024-07-31 03:15:20
500113065,36,9,27,2024-07-31 00:57:21
500113066,46,19,27,2024-07-31 02:48:19
500113068,49,15,34,2024-07-31 01:03:40
500113068,49,13,36,2024-07-31 02:56:20
500113069,30,14,16,2024-07-31 01:46:19
500113069,30,13,17,2024-07-31 00:23:08
500113070,20,14,6,2024-07-31 00:15:20
500113071,10,7,3,2024-07-31 00:29:19
500113072,12,9,3,2024-07-31 01:03:19
500113073,23,12,6,2024-07-31 01:07:19
500113074,15,12,3,2024-07-31 00:43:19
500113077,15,7,2,2024-07-31 02:25:20
500113078,24,11,13,2024-07-31 03:05:20
500113078,24,8,16,2024-07-31 00:03:20
500113079,24,16,8,2024-07-31 00:54:20
500113080,15,12,0,2024-07-31 02:25:15
500113081,19,13,6,2024-07-31 00:52:20
500113083,14,4,10,2024-07-31 00:54:20
500113085,14,6,8,2024-07-31 00:30:50
500113086,15,7,7,2024-07-31 00:29:19
500119005,37,36,0,2024-07-31 03:06:14
500119006,32,30,2,2024-07-31 01:03:19
500119007,18,18,0,2024-07-31 01:56:14
500119008,10,0,10,2024-07-31 02:27:14
500119009,30,30,0,2024-07-31 02:36:14
500119043,42,39,3,2024-07-31 02:33:19
500119043,42,38,4,2024-07-31 00:36:20
500119044,23,5,18,2024-07-31 03:05:20
500119045,45,3,42,2024-07-31 01:03:40
500119045,45,2,43,2024-07-31 01:25:21
500119046,40,6,34,2024-07-31 00:44:19
500119048,53,30,23,2024-07-31 01:25:21
500119049,62,0,62,2024-07-31 00:19:14
500119052,26,0,26,2024-07-31 03:03:15
500119053,19,0,19,2024-07-31 01:01:18
500119061,27,11,16,2024-07-31 01:02:19
500119061,27,9,18,2024-07-31 01:44:19
500119062,12,2,10,2024-07-31 01:13:20
500119062,12,1,11,2024-07-31 00:06:20
500119063,27,7,20,2024-07-31 01:03:14
500119064,28,4,24,2024-07-31 03:06:14
500119065,10,8,2,2024-07-31 00:58:04
500119065,10,7,3,2024-07-31 01:13:20
500119066,20,0,20,2024-07-31 01:24:14
500119067,42,0,42,2024-07-31 00:34:14
500119068,39,2,37,2024-07-31 02:58:19
500119068,39,2,37,2024-07-31 01:01:24
500119070,48,9,38,2024-07-31 03:03:30
500119070,48,7,40,2024-07-31 01:06:19
500119075,40,9,30,2024-07-31 01:03:19
500119075,40,4,35,2024-07-31 03:02:19
500119079,19,14,5,2024-07-31 03:01:21
500119084,10,7,3,2024-07-31 00:35:20
500119085,14,7,7,2024-07-31 03:12:19
500119088,20,3,17,2024-07-31 00:21:18
500119089,24,7,17,2024-07-31 03:11:14
500119091,18,3,15,2024-07-31 02:05:21
500119091,18,2,16,2024-07-31 00:28:19
500101002,21,5,16,2024-07-31 01:02:19
500101002,21,4,17,2024-07-31 01:16:18
500101003,16,10,6,2024-07-31 00:30:50
500101007,11,2,9,2024-07-31 00:36:20
500101008,17,9,8,2024-07-31 01:15:20
500101008,17,8,9,2024-07-31 01:09:19
500101010,20,3,17,2024-07-31 01:08:20
500101010,20,1,19,2024-07-31 02:24:18
500101013,9,7,2,2024-07-31 02:47:19
500101015,14,4,10,2024-07-31 00:52:20
500101016,8,3,4,2024-07-31 00:34:19
500101018,5,3,2,2024-07-31 00:58:20
500101023,25,7,18,2024-07-31 01:45:20
500101024,50,4,46,2024-07-31 00:34:19
500101028,20,2,18,2024-07-31 00:01:22
500101030,34,2,32,2024-07-31 01:31:19
500101031,20,4,16,2024-07-31 00:42:19
500101032,61,61,0,2024-07-31 02:37:14
500101032,61,61,0,2024-07-31 00:34:14
500101033,46,29,17,2024-07-31 03:01:21
500101035,24,2,22,2024-07-31 00:06:20
500101035,24,0,24,2024-07-31 02:33:14
500101036,20,4,16,2024-07-31 03:18:19
500101037,20,15,5,2024-07-31 00:16:19
500101037,20,11,9,2024-07-31 03:16:18
500101039,28,1,27,2024-07-31 02:44:19
500101041,41,5,36,2024-07-31 01:21:19
500101042,15,13,1,2024-07-31 03:10:22
500101091,34,8,26,2024-07-31 00:24:18
500101097,41,31,9,2024-07-31 00:43:19
500101101,64,15,49,2024-07-31 01:02:19
500101102,24,19,5,2024-07-31 02:28:18
500101102,24,19,5,2024-07-31 01:07:19
500101103,15,5,6,2024-07-31 03:01:21
500101103,15,4,7,2024-07-31 00:57:21
500101104,18,7,11,2024-07-31 03:01:21
500101104,18,5,13,2024-07-31 00:58:09
500101108,9,5,4,2024-07-31 00:29:19
500101108,9,3,6,2024-07-31 03:09:19
500101109,40,11,29,2024-07-31 00:51:20
500101113,51,28,23,2024-07-31 02:11:19
500101115,50,11,39,2024-07-31 01:01:23
500101117,15,1,14,2024-07-31 00:36:20
500101117,15,0,15,2024-07-31 01:15:14
500101119,20,19,1,2024-07-31 01:40:26
500101120,43,8,35,2024-07-31 01:36:18
500101122,14,1,13,2024-07-31 00:22:20
500101124,17,1,16,2024-07-31 00:27:14
500101126,29,6,23,2024-07-31 00:57:21
500101126,29,3,26,2024-07-31 03:15:20
500101127,45,7,38,2024-07-31 02:06:19
500101128,33,31,2,2024-07-31 01:09:19
500101129,28,26,2,2024-07-31 01:23:20
500101130,15,15,0,2024-07-31 00:23:02
500101130,15,14,1,2024-07-31 02:22:49
500101131,50,4,46,2024-07-31 01:03:19
500101132,54,11,43,2024-07-31 02:38:19
500101132,54,10,44,2024-07-31 00:37:19
500101133,43,3,40,2024-07-31 00:46:19
500101134,13,0,13,2024-07-31 02:38:14
500101136,18,11,7,2024-07-31 02:13:18
500101137,70,0,70,2024-07-31 02:30:26
500101138,33,1,32,2024-07-31 01:04:19
500101139,52,22,30,2024-07-31 03:19:18
500101139,52,11,41,2024-07-31 00:52:20
500101142,30,10,20,2024-07-31 00:56:19
500101143,16,11,5,2024-07-31 01:49:18
500101143,16,11,5,2024-07-31 01:03:19
500101144,69,40,29,2024-07-31 02:05:21
500101145,15,4,11,2024-07-31 01:26:29
500101147,20,0,20,2024-07-31 01:15:14
500101148,32,16,16,2024-07-31 01:06:19
500101152,23,7,16,2024-07-31 00:17:37
500101152,23,5,18,2024-07-31 03:15:20
500101153,20,2,18,2024-07-31 01:03:19
500101153,20,0,20,2024-07-31 02:12:14
500101154,23,2,21,2024-07-31 01:09:19
500101154,23,0,23,2024-07-31 02:01:15
500101155,15,6,9,2024-07-31 02:36:18
500101155,15,4,11,2024-07-31 00:17:37
500101156,52,27,24,2024-07-31 03:17:35
500101156,52,26,25,2024-07-31 00:45:21
500101157,19,10,9,2024-07-31 03:07:19
500101157,19,4,15,2024-07-31 00:47:19
500101160,17,1,16,2024-07-31 03:18:19
500101162,25,9,16,2024-07-31 03:13:18
500101163,15,9,6,2024-07-31 00:35:20
500101166,54,6,48,2024-07-31 00:48:19
500101168,36,0,36,2024-07-31 00:41:14
500101169,49,11,38,2024-07-31 01:09:19
500101172,33,2,31,2024-07-31 00:58:09
500101173,24,1,21,2024-07-31 00:10:22
500101174,37,21,16,2024-07-31 02:39:19
500101177,15,8,6,2024-07-31 01:54:20
500101179,28,10,18,2024-07-31 02:27:18
500101180,11,8,3,2024-07-31 02:04:20
500101181,99,9,90,2024-07-31 01:03:19
500101184,15,1,14,2024-07-31 01:57:43
500101185,12,9,3,2024-07-31 01:33:19
500101186,19,6,13,2024-07-31 03:07:19
500101186,19,4,15,2024-07-31 00:56:20
500101187,14,13,1,2024-07-31 02:11:19
500101189,28,4,24,2024-07-31 01:22:20
500101194,16,1,15,2024-07-31 02:54:19
500101199,13,9,4,2024-07-31 03:11:19
500101200,16,2,14,2024-07-31 00:38:19
500101201,19,6,13,2024-07-31 02:56:20
500101201,19,6,13,2024-07-31 01:03:40
500101202,16,5,11,2024-07-31 02:17:34
500101203,33,1,32,2024-07-31 00:30:50
500101204,17,4,13,2024-07-31 03:01:21
500101205,22,4,18,2024-07-31 01:18:19
500101205,22,3,19,2024-07-31 00:53:19
500101206,46,10,36,2024-07-31 03:13:18
500101206,46,10,36,2024-07-31 00:52:20
500101207,38,25,13,2024-07-31 01:08:20
500101207,38,23,15,2024-07-31 02:37:18
500101208,15,13,2,2024-07-31 00:25:21
500101211,23,9,14,2024-07-31 00:27:19
500101212,24,1,23,2024-07-31 02:56:15
500101212,24,0,24,2024-07-31 00:48:14
500101213,15,10,5,2024-07-31 02:35:19
500101213,15,9,6,2024-07-31 01:02:19
500101214,20,8,12,2024-07-31 01:01:23
500101214,20,3,17,2024-07-31 03:13:18
500101216,24,11,13,2024-07-31 00:36:20
500101217,26,1,25,2024-07-31 02:39:14
500101217,26,0,26,2024-07-31 00:37:14
500101218,23,16,0,2024-07-31 00:33:14
500101219,14,10,4,2024-07-31 01:21:19
500101219,14,9,5,2024-07-31 00:49:20
500101221,15,4,11,2024-07-31 03:08:19
500101222,18,11,7,2024-07-31 01:07:19
500101222,18,6,12,2024-07-31 02:40:27
500101225,18,9,9,2024-07-31 02:40:27
500101227,28,18,10,2024-07-31 00:30:50
500101227,28,13,15,2024-07-31 02:37:18
500101228,21,1,20,2024-07-31 00:30:44
500101229,15,5,9,2024-07-31 02:30:31
500101230,20,12,8,2024-07-31 02:56:20
500101232,15,5,10,2024-07-31 01:39:19
500101232,15,5,10,2024-07-31 00:12:20
500101235,16,11,5,2024-07-31 00:49:20
500101235,16,10,6,2024-07-31 02:15:21
500101237,25,0,25,2024-07-31 01:41:14
500101239,15,14,1,2024-07-31 00:08:19
500101241,20,2,18,2024-07-31 00:36:20
500101243,21,11,10,2024-07-31 00:28:19
500101243,21,8,13,2024-07-31 02:56:20
500103002,20,19,1,2024-07-31 01:05:22
500103003,15,13,1,2024-07-31 01:16:14
500103004,36,29,3,2024-07-31 01:24:19
500103004,36,28,4,2024-07-31 01:08:20
500103005,44,38,4,2024-07-31 00:48:19
500103009,44,10,34,2024-07-31 02:33:19
500103010,41,30,11,2024-07-31 03:05:20
500103013,24,18,5,2024-07-31 01:33:19
500103019,20,14,6,2024-07-31 01:57:48
500103019,20,13,7,2024-07-31 01:01:24
500103020,47,34,13,2024-07-31 01:39:19
500103020,47,32,15,2024-07-31 00:33:19
500103023,20,7,13,2024-07-31 01:01:23
500103024,57,0,57,2024-07-31 00:50:23
500103025,18,1,17,2024-07-31 00:29:19
500103027,41,3,37,2024-07-31 03:02:19
500103028,62,12,50,2024-07-31 00:54:20
500103029,10,8,2,2024-07-31 00:46:19
500103029,10,5,5,2024-07-31 02:14:19
500103032,13,5,8,2024-07-31 03:19:18
500103033,14,2,12,2024-07-31 00:37:19
500103034,31,29,2,2024-07-31 02:10:27
500103034,31,29,2,2024-07-31 00:19:19
500103037,31,26,5,2024-07-31 02:15:21
500103038,20,18,0,2024-07-31 00:59:15
500103039,40,26,14,2024-07-31 02:03:20
500103040,36,25,8,2024-07-31 02:14:19
500103040,36,25,8,2024-07-31 00:04:17
500103041,15,15,0,2024-07-31 01:40:21
500103042,16,2,14,2024-07-31 00:25:20
500103043,20,14,6,2024-07-31 02:57:19
500103044,52,8,44,2024-07-31 02:56:20
500103045,20,19,1,2024-07-31 01:09:14
500103045,20,14,6,2024-07-31 02:19:18
500103047,17,2,15,2024-07-31 00:59:19
500103048,18,9,9,2024-07-31 00:47:19
500103049,10,3,7,2024-07-31 01:02:19
500103050,32,19,13,2024-07-31 02:09:18
500103050,32,18,14,2024-07-31 01:08:20
500103051,20,2,18,2024-07-31 00:31:19
500103052,50,4,46,2024-07-31 02:49:19
500103052,50,3,47,2024-07-31 00:24:18
500103054,15,13,2,2024-07-31 01:09:19
500103056,14,13,1,2024-07-31 01:01:18
500103057,37,4,33,2024-07-31 02:33:19
500103057,37,3,34,2024-07-31 00:47:19
500103059,38,20,18,2024-07-31 01:05:22
500103062,15,7,8,2024-07-31 02:08:14
500103063,14,10,4,2024-07-31 01:41:18
500103063,14,9,4,2024-07-31 00:26:21
500103065,15,15,0,2024-07-31 00:30:44
500103068,23,21,0,2024-07-31 02:09:14
500103069,15,3,11,2024-07-31 03:03:20
500103069,15,0,13,2024-07-31 00:19:14
500104002,15,3,9,2024-07-31 00:27:19
500104003,22,19,3,2024-07-31 01:23:20
500104003,22,19,3,2024-07-31 01:03:19
500104004,50,41,9,2024-07-31 01:03:19
500104007,29,23,5,2024-07-31 03:15:20
500104007,29,21,7,2024-07-31 00:46:19
500104009,48,37,11,2024-07-31 01:44:19
500104009,48,36,12,2024-07-31 01:08:20
500104010,18,8,10,2024-07-31 00:52:20
500104014,56,50,6,2024-07-31 03:09:19
500104015,14,11,2,2024-07-31 00:49:15
500104016,23,6,17,2024-07-31 01:17:37
500104016,23,2,21,2024-07-31 00:41:14
500104018,11,6,0,2024-07-31 01:01:18
500104020,25,8,16,2024-07-31 00:25:20
500104021,46,36,8,2024-07-31 00:41:19
500104023,32,25,7,2024-07-31 01:36:18
500104023,32,25,7,2024-07-31 00:11:19
500104030,49,6,43,2024-07-31 00:42:19
500104031,66,1,65,2024-07-31 00:56:20
500104035,30,14,16,2024-07-31 00:54:20
500104035,30,12,18,2024-07-31 02:04:20
500104039,35,17,12,2024-07-31 00:41:19
500104044,38,37,0,2024-07-31 00:24:14
500104046,36,1,35,2024-07-31 03:02:19
500104047,20,11,9,2024-07-31 00:17:37
500104049,15,13,2,2024-07-31 01:38:18
500104054,30,18,12,2024-07-31 02:22:54
500104054,30,17,13,2024-07-31 01:06:19
500104055,38,5,33,2024-07-31 00:37:14
500104055,38,4,34,2024-07-31 01:28:19
500104056,15,10,3,2024-07-31 03:03:20
500104056,15,6,7,2024-07-31 00:07:14
500104057,15,10,5,2024-07-31 02:46:19
500104059,15,9,1,2024-07-31 01:32:14
500104060,32,20,11,2024-07-31 01:41:18
500104062,16,4,12,2024-07-31 00:15:20
500104065,22,4,18,2024-07-31 00:18:19
500104065,22,3,19,2024-07-31 02:22:19
500104067,14,10,4,2024-07-31 00:29:19
500104074,30,16,13,2024-07-31 00:51:20
500104075,37,26,11,2024-07-31 01:01:23
500104077,48,8,40,2024-07-31 00:50:28
500104078,13,9,4,2024-07-31 02:32:19
500104078,13,9,4,2024-07-31 00:19:14
500104083,25,17,8,2024-07-31 00:03:20
500104085,13,10,3,2024-07-31 03:12:19
500104085,13,8,5,2024-07-31 00:01:22
500104088,19,7,11,2024-07-31 01:29:18
500104088,19,6,12,2024-07-31 01:03:19
500104090,36,19,17,2024-07-31 02:02:19
500104090,36,17,19,2024-07-31 00:10:28
500104091,70,10,60,2024-07-31 01:01:23
500104094,12,11,1,2024-07-31 02:19:14
500104098,19,6,13,2024-07-31 01:05:22
500104100,11,7,4,2024-07-31 00:56:19
500104101,15,6,6,2024-07-31 00:14:19
500104102,16,5,11,2024-07-31 01:12:19
500104105,20,15,5,2024-07-31 01:02:19
500104106,15,9,5,2024-07-31 01:02:19
500104106,15,8,6,2024-07-31 01:10:28
500104107,38,10,28,2024-07-31 01:21:19
500104108,62,2,60,2024-07-31 00:39:19
500104110,12,9,3,2024-07-31 01:24:19
500104113,16,8,3,2024-07-31 01:47:19
500104115,17,4,13,2024-07-31 01:56:19
500104118,14,6,8,2024-07-31 00:13:21
500104119,13,9,2,2024-07-31 00:42:14
500104120,14,11,1,2024-07-31 00:45:21
500104121,15,10,5,2024-07-31 02:56:20
500104121,15,10,5,2024-07-31 00:29:14
500104122,15,2,13,2024-07-31 03:09:19
500104124,15,10,1,2024-07-31 01:38:18
500104124,15,9,2,2024-07-31 00:04:17
500104132,25,20,5,2024-07-31 02:46:19
500105001,40,29,11,2024-07-31 01:27:19
500105002,22,0,22,2024-07-31 02:53:15
500105003,34,8,26,2024-07-31 00:52:20
500105004,35,22,11,2024-07-31 02:14:19
500105006,16,8,8,2024-07-31 02:50:26
500105006,16,7,9,2024-07-31 00:23:08
500105008,25,15,10,2024-07-31 03:17:35
500105010,30,23,7,2024-07-31 00:21:14
500105011,25,21,4,2024-07-31 01:05:22
500105012,32,26,4,2024-07-31 00:33:19
500105013,11,8,2,2024-07-31 00:43:19
500105013,11,7,3,2024-07-31 02:17:34
500105014,18,4,14,2024-07-31 00:42:19
500105015,14,14,0,2024-07-31 01:01:18
500105016,29,29,0,2024-07-31 02:37:14
500105016,29,28,1,2024-07-31 00:26:21
500105017,22,9,13,2024-07-31 00:44:19
500105018,62,24,38,2024-07-31 01:01:23
500105019,57,18,39,2024-07-31 01:17:37
500105019,57,2,55,2024-07-31 01:01:23
500105026,26,17,9,2024-07-31 00:01:22
500105028,30,10,20,2024-07-31 02:30:31
500105030,25,17,8,2024-07-31 00:27:19
500105031,29,11,18,2024-07-31 01:54:20
500105031,29,11,18,2024-07-31 00:44:19
500105033,36,16,20,2024-07-31 01:15:20
500105036,38,28,10,2024-07-31 00:54:20
500105036,38,27,11,2024-07-31 03:16:18
500105037,19,8,11,2024-07-31 00:14:19
500105039,15,8,7,2024-07-31 00:06:20
500105040,13,3,10,2024-07-31 02:41:19
500105040,13,1,12,2024-07-31 00:25:21
500105041,13,8,5,2024-07-31 01:01:23
500105043,12,5,6,2024-07-31 00:46:14
500105047,14,7,6,2024-07-31 02:29:18
500105047,14,6,7,2024-07-31 01:03:14
500105048,20,5,15,2024-07-31 02:56:20
500105054,14,8,6,2024-07-31 01:05:22
500105055,38,26,12,2024-07-31 03:02:19
500105055,38,24,14,2024-07-31 01:01:23
500105056,13,2,11,2024-07-31 00:04:18
500105060,17,9,8,2024-07-31 02:56:20
500105061,34,33,1,2024-07-31 02:50:26
500105061,34,26,8,2024-07-31 00:57:21
500105066,15,12,3,2024-07-31 01:08:20
500105066,15,5,10,2024-07-31 02:57:19
500105067,13,12,1,2024-07-31 01:06:19
500105071,15,6,9,2024-07-31 03:04:19
500105072,16,16,0,2024-07-31 00:43:15
500105073,14,7,7,2024-07-31 02:34:18
500105074,12,5,4,2024-07-31 01:12:14
500105074,12,5,4,2024-07-31 00:38:14
500105075,15,14,1,2024-07-31 00:35:20
500105079,15,7,8,2024-07-31 00:17:37
500105081,27,21,6,2024-07-31 00:51:20
500105086,16,16,0,2024-07-31 01:44:14
500105087,21,5,16,2024-07-31 00:50:28
500105088,17,8,9,2024-07-31 00:13:21
500105091,14,6,6,2024-07-31 00:05:15
500105094,18,6,12,2024-07-31 03:09:19
500105095,13,7,3,2024-07-31 01:28:19
500105096,15,0,15,2024-07-31 01:03:14
500105097,14,8,6,2024-07-31 01:56:19
500105097,14,8,6,2024-07-31 00:33:19
500105100,27,4,23,2024-07-31 01:08:20
500105101,26,6,20,2024-07-31 00:08:19
500106001,20,11,8,2024-07-31 00:07:19
500106003,12,1,11,2024-07-31 03:10:28
500106004,12,2,10,2024-07-31 01:03:19
500106005,20,1,19,2024-07-31 01:48:19
500106005,20,0,20,2024-07-31 00:15:15
500106006,55,19,36,2024-07-31 02:45:20
500106006,55,19,36,2024-07-31 01:03:19
500106008,15,14,1,2024-07-31 01:01:23
500106009,39,31,7,2024-07-31 03:01:21
500106010,25,11,14,2024-07-31 02:34:18
500106010,25,10,15,2024-07-31 00:32:19
500106012,13,3,10,2024-07-31 01:49:18
500106012,13,2,11,2024-07-31 01:01:23
500106013,15,14,1,2024-07-31 01:52:19
500106014,58,45,5,2024-07-31 02:51:18
500106014,58,41,9,2024-07-31 00:50:28
500106016,12,6,6,2024-07-31 01:43:19
500106017,55,8,47,2024-07-31 01:56:19
500106018,46,25,21,2024-07-31 00:54:20
500106020,14,4,10,2024-07-31 00:50:28
500106021,21,13,8,2024-07-31 00:25:20
500106022,36,0,36,2024-07-31 01:15:14
500106023,21,5,16,2024-07-31 00:34:19
500106023,21,4,17,2024-07-31 01:14:19
500106027,15,6,5,2024-07-31 00:29:19
500106028,15,7,6,2024-07-31 00:18:19
500106037,31,15,16,2024-07-31 02:02:19
500106044,39,17,22,2024-07-31 01:53:19
500106051,17,7,10,2024-07-31 00:13:21
500106052,36,13,23,2024-07-31 03:15:20
500106053,47,3,44,2024-07-31 00:48:19
500106053,47,2,45,2024-07-31 02:22:19
500106054,27,2,25,2024-07-31 01:54:20
500106056,36,11,25,2024-07-31 00:46:19
500106057,50,11,39,2024-07-31 00:09:19
500106058,32,11,21,2024-07-31 00:08:19
500106058,32,10,22,2024-07-31 02:21:19
500106059,43,12,30,2024-07-31 01:07:19
500106059,43,8,34,2024-07-31 02:11:19
500106060,19,0,19,2024-07-31 00:32:14
500106061,22,2,20,2024-07-31 00:45:21
500106061,22,1,21,2024-07-31 02:27:18
500106062,60,0,60,2024-07-31 03:01:16
500106066,39,8,31,2024-07-31 00:56:19
500106066,39,7,32,2024-07-31 02:27:18
500106067,68,42,26,2024-07-31 03:05:20
500106067,68,40,28,2024-07-31 01:03:40
500106069,32,8,23,2024-07-31 02:56:20
500106069,32,7,24,2024-07-31 00:57:21
500106071,40,0,40,2024-07-31 00:10:22
500106072,29,4,25,2024-07-31 00:50:28
500106072,29,3,26,2024-07-31 01:56:19
500106073,20,5,15,2024-07-31 00:33:19
500106074,15,14,1,2024-07-31 00:58:04
500106075,25,6,19,2024-07-31 02:50:26
500106083,31,7,24,2024-07-31 00:25:20
500106088,18,16,2,2024-07-31 01:05:22
500106090,40,18,21,2024-07-31 00:56:19
500106093,9,4,5,2024-07-31 03:13:18
500106093,9,3,6,2024-07-31 00:30:50
500106095,16,15,1,2024-07-31 00:10:28
500106096,21,7,7,2024-07-31 01:05:22
500106097,29,12,17,2024-07-31 00:39:19
500106098,24,3,20,2024-07-31 01:32:19
500106098,24,1,22,2024-07-31 01:07:14
500106099,20,1,19,2024-07-31 00:28:15
500106100,15,2,13,2024-07-31 01:22:20
500106102,19,10,9,2024-07-31 02:37:18
500106103,13,8,5,2024-07-31 01:34:19
500106104,19,0,18,2024-07-31 03:09:14
500106105,22,0,22,2024-07-31 00:07:14
500106108,15,11,3,2024-07-31 01:36:18
500106109,15,15,0,2024-07-31 03:03:25
500106111,22,14,8,2024-07-31 00:37:19
500106111,22,13,9,2024-07-31 01:10:28
500106112,33,3,30,2024-07-31 03:09:19
500106112,33,0,33,2024-07-31 00:48:14
500106113,14,11,3,2024-07-31 00:27:19
500106114,14,7,7,2024-07-31 01:09:19
500106115,23,14,9,2024-07-31 03:03:30
500106116,16,14,0,2024-07-31 01:08:20
500106118,12,0,12,2024-07-31 00:43:15
500106121,30,15,15,2024-07-31 00:32:19
500106123,18,17,1,2024-07-31 02:26:18
500106123,18,15,3,2024-07-31 00:48:19
500106124,15,5,10,2024-07-31 00:59:19
500106125,14,8,1,2024-07-31 00:57:21
500106128,15,11,2,2024-07-31 00:09:19
500106129,15,10,3,2024-07-31 01:19:19
500106130,16,10,3,2024-07-31 01:05:22
500106132,43,2,41,2024-07-31 01:40:26
500107001,16,6,10,2024-07-31 00:56:20
500107005,40,10,30,2024-07-31 00:25:20
500107005,40,5,35,2024-07-31 02:49:19
500107006,20,11,9,2024-07-31 00:04:18
500107009,20,13,7,2024-07-31 01:45:20
500107009,20,12,8,2024-07-31 00:11:19
500107010,36,32,4,2024-07-31 00:28:15
500107010,36,31,5,2024-07-31 01:48:19
500107012,52,5,47,2024-07-31 01:01:24
500107012,52,3,49,2024-07-31 03:17:35
500107013,42,13,29,2024-07-31 01:03:19
500107013,42,9,33,2024-07-31 03:10:28
500107014,21,7,14,2024-07-31 02:22:54
500107015,30,20,9,2024-07-31 02:31:19
500107018,37,0,37,2024-07-31 00:01:15
500107019,37,4,33,2024-07-31 02:21:19
500107019,37,3,34,2024-07-31 00:43:19
500107021,40,35,5,2024-07-31 02:21:19
500107021,40,35,5,2024-07-31 01:09:19
500107022,33,6,27,2024-07-31 00:48:19
500107023,62,57,3,2024-07-31 03:07:19
500107024,62,5,56,2024-07-31 03:07:19
500107025,16,10,6,2024-07-31 02:11:19
500107025,16,10,6,2024-07-31 01:09:19
500107026,16,7,9,2024-07-31 02:08:19
500107027,42,1,41,2024-07-31 02:15:21
500107028,75,3,72,2024-07-31 01:10:28
500107028,75,2,73,2024-07-31 00:38:19
500107033,15,9,6,2024-07-31 03:10:28
500107034,32,17,15,2024-07-31 01:01:24
500107035,59,4,55,2024-07-31 01:03:19
500107035,59,3,56,2024-07-31 02:30:31
500107036,42,4,38,2024-07-31 00:59:19
500107037,17,11,6,2024-07-31 02:31:19
500107037,17,9,8,2024-07-31 01:09:19
500107039,15,1,14,2024-07-31 01:07:19
500107040,25,24,1,2024-07-31 00:47:19
500107040,25,23,2,2024-07-31 01:11:19
500107043,16,5,11,2024-07-31 02:40:27
500107045,10,1,9,2024-07-31 03:12:19
500107045,10,0,10,2024-07-31 01:06:14
500107046,18,4,14,2024-07-31 00:13:21
500107049,16,12,4,2024-07-31 00:29:19
500107049,16,11,5,2024-07-31 01:42:19
500107050,46,33,3,2024-07-31 00:46:19
500107051,50,18,32,2024-07-31 00:15:21
500107052,15,4,11,2024-07-31 02:52:18
500107053,13,13,0,2024-07-31 01:10:23
500107056,36,10,26,2024-07-31 01:01:24
500107059,33,2,30,2024-07-31 00:58:04
500107059,33,2,31,2024-07-31 02:56:20
500107060,30,6,24,2024-07-31 00:30:50
500107061,29,28,1,2024-07-31 02:01:15
500107062,46,4,42,2024-07-31 00:52:20
500107063,28,0,28,2024-07-31 03:17:30
500107064,50,38,12,2024-07-31 02:53:19
500107068,15,14,1,2024-07-31 01:52:19
500107068,15,14,1,2024-07-31 01:01:24
500107069,17,2,15,2024-07-31 01:06:19
500107070,14,4,10,2024-07-31 00:40:27
500107072,13,8,5,2024-07-31 02:09:18
500107072,13,8,5,2024-07-31 01:06:19
500107075,38,13,25,2024-07-31 00:54:20
500107076,30,27,3,2024-07-31 01:07:19
500107077,12,7,5,2024-07-31 02:24:18
500107077,12,0,12,2024-07-31 00:59:15
500107079,20,15,4,2024-07-31 02:48:19
500107079,20,15,4,2024-07-31 00:38:19
500107081,15,4,11,2024-07-31 00:56:20
500107084,12,9,1,2024-07-31 01:38:18
500107085,18,0,18,2024-07-31 01:09:14
500107086,10,2,8,2024-07-31 01:12:14
500107087,26,9,14,2024-07-31 02:56:20
500107088,11,4,7,2024-07-31 01:41:18
500107090,19,2,17,2024-07-31 02:37:18
500107091,20,5,15,2024-07-31 01:38:18
500107092,27,0,27,2024-07-31 00:47:14
500107093,32,5,27,2024-07-31 00:58:09
500107095,21,5,16,2024-07-31 00:18:19
500107096,23,7,16,2024-07-31 00:43:19
500107100,11,2,9,2024-07-31 01:44:19
500107100,11,1,10,2024-07-31 00:42:19
500107101,25,3,22,2024-07-31 01:08:20
500107102,20,5,15,2024-07-31 02:24:18
500107103,16,4,12,2024-07-31 00:21:18
500107104,15,8,7,2024-07-31 00:54:20
500107104,15,4,11,2024-07-31 01:45:20
500107105,20,18,2,2024-07-31 02:12:19
500107105,20,17,3,2024-07-31 00:44:19
500107106,15,15,0,2024-07-31 03:15:15
500107106,15,13,2,2024-07-31 00:59:15
500107107,14,7,6,2024-07-31 02:48:19
500107108,18,7,11,2024-07-31 01:17:37
500107109,34,14,19,2024-07-31 00:34:19
500107110,16,9,7,2024-07-31 02:30:31
500107112,26,11,15,2024-07-31 00:12:20
500107113,30,7,23,2024-07-31 01:07:19
500107114,30,28,2,2024-07-31 02:17:34
500107117,16,8,8,2024-07-31 01:54:20
500107118,32,0,32,2024-07-31 01:29:14
500107120,20,0,20,2024-07-31 03:13:14
500107121,15,12,3,2024-07-31 01:09:19
500107122,21,1,20,2024-07-31 02:09:14
500107125,15,8,7,2024-07-31 00:11:19
500107126,25,4,21,2024-07-31 01:19:19
500107127,15,2,13,2024-07-31 00:22:20
500107128,16,12,4,2024-07-31 01:53:19
500107129,21,5,16,2024-07-31 00:56:19
500107132,21,9,11,2024-07-31 01:50:26
500107132,21,5,15,2024-07-31 00:40:27
500107133,22,6,16,2024-07-31 00:37:14
500107134,15,8,7,2024-07-31 01:37:19
500107134,15,7,8,2024-07-31 00:46:19
500107136,20,19,1,2024-07-31 03:12:14
500107136,20,17,3,2024-07-31 00:29:14
500107137,12,7,5,2024-07-31 03:18:19
500107137,12,1,11,2024-07-31 01:08:14
500107138,20,10,10,2024-07-31 02:24:18
500107140,21,0,21,2024-07-31 01:12:14
500107141,18,11,7,2024-07-31 02:41:19
500107141,18,10,8,2024-07-31 00:26:21
500107142,20,0,20,2024-07-31 00:13:16
500107144,30,11,19,2024-07-31 01:03:19
500107145,15,12,3,2024-07-31 00:43:19
500107147,18,6,12,2024-07-31 00:05:21
500107153,12,6,6,2024-07-31 01:22:20
500107154,15,1,14,2024-07-31 01:26:14
500107156,15,10,1,2024-07-31 00:02:19
500107156,15,8,3,2024-07-31 02:13:18
500107160,26,16,10,2024-07-31 00:30:50
500107161,20,8,12,2024-07-31 02:51:18
500108001,28,23,4,2024-07-31 00:22:20
500108001,28,22,5,2024-07-31 01:14:19
500108002,15,3,12,2024-07-31 01:30:28
500108003,43,2,41,2024-07-31 00:09:19
500108005,43,17,26,2024-07-31 01:59:19
500108005,43,16,27,2024-07-31 01:06:19
500108008,18,6,12,2024-07-31 02:58:19
500108009,33,14,19,2024-07-31 00:19:19
500108011,25,13,12,2024-07-31 00:16:19
500108012,12,9,3,2024-07-31 00:12:20
500108013,10,7,3,2024-07-31 00:08:14
500108015,15,5,10,2024-07-31 02:10:27
500108019,15,10,4,2024-07-31 02:21:19
500108020,23,1,22,2024-07-31 00:34:14
500108021,19,17,2,2024-07-31 00:41:19
500108022,60,6,54,2024-07-31 03:02:19
500108023,15,11,3,2024-07-31 02:13:18
500108026,31,28,3,2024-07-31 00:59:19
500108027,30,21,9,2024-07-31 03:17:35
500108028,49,6,43,2024-07-31 00:31:19
500108030,13,10,3,2024-07-31 01:38:18
500108031,15,3,12,2024-07-31 01:03:19
500108032,12,5,7,2024-07-31 02:32:19
500108034,12,5,7,2024-07-31 00:52:20
500108038,17,14,3,2024-07-31 02:21:19
500108038,17,13,4,2024-07-31 00:23:08
500108039,25,11,14,2024-07-31 01:01:23
500108043,30,6,24,2024-07-31 01:57:48
500108046,32,11,21,2024-07-31 00:04:18
500108046,32,10,22,2024-07-31 02:14:19
500108047,18,2,16,2024-07-31 00:06:20
500108050,15,3,12,2024-07-31 02:01:21
500108050,15,2,13,2024-07-31 00:48:14
500108054,50,4,46,2024-07-31 01:49:18
500108057,37,2,35,2024-07-31 01:34:19
500108064,10,4,6,2024-07-31 02:29:18
500108064,10,4,6,2024-07-31 00:33:19
500108066,17,6,11,2024-07-31 01:03:19
500108067,19,5,14,2024-07-31 00:30:50
500108074,20,10,10,2024-07-31 00:44:19
500108077,15,10,5,2024-07-31 02:34:18
500108079,17,9,8,2024-07-31 01:38:18
500108081,29,19,10,2024-07-31 00:56:20
500108082,28,4,21,2024-07-31 01:09:19
500108083,30,1,29,2024-07-31 00:29:14
500108088,15,13,2,2024-07-31 02:24:18
500108089,16,13,3,2024-07-31 00:16:19
500108091,16,13,3,2024-07-31 01:30:33
500108093,20,1,19,2024-07-31 00:04:17
500108094,12,2,10,2024-07-31 01:35:20
500108094,12,1,11,2024-07-31 00:16:19
500108096,25,4,21,2024-07-31 00:19:19
500108097,15,7,8,2024-07-31 01:28:19
500108099,16,11,5,2024-07-31 00:45:21
500108102,12,9,3,2024-07-31 00:10:27
500108106,18,4,14,2024-07-31 00:43:19
500108107,21,13,8,2024-07-31 00:45:21
500108109,12,9,3,2024-07-31 02:13:18
500108110,35,4,31,2024-07-31 00:56:19
500108111,12,7,5,2024-07-31 03:01:21
500108118,24,24,0,2024-07-31 02:35:14
500108118,24,23,1,2024-07-31 00:54:14
500108119,15,4,11,2024-07-31 01:38:14
500108124,16,13,3,2024-07-31 00:30:50
500108127,15,15,0,2024-07-31 01:38:14
500108129,16,12,4,2024-07-31 01:01:23
500108132,17,4,13,2024-07-31 00:44:19
500108134,11,2,8,2024-07-31 00:26:21
500108136,13,2,11,2024-07-31 01:48:14
500108140,30,5,25,2024-07-31 02:56:20
500108141,23,9,14,2024-07-31 00:05:21
500108145,17,3,14,2024-07-31 03:06:14
500108145,17,1,16,2024-07-31 00:32:19
500108150,16,7,9,2024-07-31 00:39:18
500108152,14,3,11,2024-07-31 01:17:32
500108154,16,2,14,2024-07-31 00:13:21
500108156,15,8,6,2024-07-31 00:22:20
500108158,15,1,14,2024-07-31 01:40:26
500108161,19,2,17,2024-07-31 01:26:14
500108164,15,3,12,2024-07-31 01:21:19
500108167,14,9,5,2024-07-31 02:10:27
500108168,13,8,5,2024-07-31 02:24:18
500108168,13,0,13,2024-07-31 01:09:19
500108172,15,6,9,2024-07-31 02:44:14
500108179,26,5,21,2024-07-31 02:13:18
500108181,22,15,4,2024-07-31 02:25:20
500108182,26,2,24,2024-07-31 01:04:19
500109004,23,9,14,2024-07-31 01:44:19
500109006,37,30,7,2024-07-31 00:48:19
500109007,62,25,37,2024-07-31 02:18:19
500109009,14,3,10,2024-07-31 00:41:19
500109010,30,12,18,2024-07-31 01:15:20
500109011,71,13,58,2024-07-31 00:44:19
500109011,71,12,59,2024-07-31 01:22:20
500109013,27,23,4,2024-07-31 00:17:37
500109016,15,11,4,2024-07-31 00:11:14
500109020,36,17,19,2024-07-31 00:51:20
500109022,42,29,13,2024-07-31 02:47:19
500109025,40,5,35,2024-07-31 02:31:19
500109026,16,9,6,2024-07-31 00:53:19
500109027,58,52,6,2024-07-31 01:23:20
500109027,58,44,14,2024-07-31 00:43:19
500109028,20,18,2,2024-07-31 00:29:19
500109032,70,66,4,2024-07-31 01:08:20
500109034,62,0,62,2024-07-31 00:35:15
500109036,33,1,32,2024-07-31 01:10:28
500109039,26,6,20,2024-07-31 01:12:19
500109040,13,12,1,2024-07-31 00:46:19
500109042,17,10,5,2024-07-31 01:57:19
500109044,13,7,6,2024-07-31 00:11:19
500109046,41,8,33,2024-07-31 00:52:20
500109046,41,6,35,2024-07-31 02:18:19
500109048,37,8,29,2024-07-31 03:05:20
500109049,24,12,12,2024-07-31 01:17:37
500109049,24,11,13,2024-07-31 01:02:19
500109050,28,23,5,2024-07-31 01:06:19
500109052,16,13,3,2024-07-31 01:13:20
500109052,16,12,4,2024-07-31 00:23:19
500109053,48,11,37,2024-07-31 02:07:19
500109053,48,10,38,2024-07-31 00:51:20
500109054,39,30,9,2024-07-31 01:27:19
500109055,30,25,1,2024-07-31 00:17:37
500109060,15,12,3,2024-07-31 01:24:19
500109063,12,7,5,2024-07-31 03:03:20
500109076,29,1,28,2024-07-31 01:56:14
500109077,20,9,11,2024-07-31 01:11:19
500109077,20,8,12,2024-07-31 00:56:19
500109078,14,0,14,2024-07-31 03:08:14
500109086,13,11,2,2024-07-31 01:56:19
500109091,12,6,3,2024-07-31 00:29:19
500109097,15,9,6,2024-07-31 00:19:19
500109099,23,5,18,2024-07-31 01:19:19
500109099,23,3,20,2024-07-31 01:01:23
500109101,50,13,37,2024-07-31 01:09:19
500110003,34,29,5,2024-07-31 02:45:20
500110004,24,22,2,2024-07-31 00:29:19
500110005,77,10,67,2024-07-31 02:47:19
500110006,19,1,17,2024-07-31 00:21:19
500110006,19,0,18,2024-07-31 02:42:15
500110008,23,4,19,2024-07-31 02:06:19
500110008,23,3,20,2024-07-31 01:03:19
500110009,13,0,13,2024-07-31 00:38:14
500110012,20,13,6,2024-07-31 00:08:19
500110013,41,26,15,2024-07-31 02:15:21
500110016,12,12,0,2024-07-31 00:23:02
500110017,43,14,29,2024-07-31 00:54:20
500110017,43,13,30,2024-07-31 01:54:20
500110019,45,5,40,2024-07-31 02:35:19
500110019,45,3,42,2024-07-31 00:47:19
500110020,20,18,2,2024-07-31 01:43:19
500110020,20,16,4,2024-07-31 00:43:19
500110022,44,36,8,2024-07-31 00:05:21
500110023,51,31,20,2024-07-31 01:32:19
500110025,27,24,3,2024-07-31 00:09:19
500110026,17,13,4,2024-07-31 02:42:19
500110027,15,8,7,2024-07-31 01:09:19
500110029,16,6,9,2024-07-31 00:25:20
500110030,20,12,8,2024-07-31 00:56:20
500110031,24,1,23,2024-07-31 00:06:20
500110032,30,2,28,2024-07-31 02:30:31
500110033,29,21,6,2024-07-31 02:21:19
500110033,29,19,8,2024-07-31 01:08:20
500110035,27,23,4,2024-07-31 02:19:18
500110036,33,3,29,2024-07-31 02:42:19
500110036,33,3,29,2024-07-31 00:59:19
500110037,31,5,26,2024-07-31 00:56:20
500110039,44,32,10,2024-07-31 03:18:19
500110039,44,32,10,2024-07-31 00:31:19
500110040,30,15,11,2024-07-31 01:09:19
500110041,37,26,11,2024-07-31 00:51:20
500110043,15,0,15,2024-07-31 02:47:14
500110043,15,0,15,2024-07-31 00:23:02
500110044,52,1,51,2024-07-31 01:53:14
500110046,47,2,45,2024-07-31 01:56:19
500110046,47,1,46,2024-07-31 00:16:19
500110047,22,0,22,2024-07-31 02:28:14
500110048,34,0,33,2024-07-31 00:50:23
500110049,19,12,7,2024-07-31 03:15:20
500110049,19,11,8,2024-07-31 00:45:21
500110052,17,1,16,2024-07-31 03:15:15
500110053,20,12,8,2024-07-31 00:13:21
500110054,13,10,0,2024-07-31 03:07:14
500110055,11,10,1,2024-07-31 01:01:23
500110056,22,13,9,2024-07-31 01:19:19
500110057,14,12,0,2024-07-31 01:29:14
500110057,14,10,2,2024-07-31 00:42:19
500110059,38,18,20,2024-07-31 00:39:18
500110060,31,27,4,2024-07-31 00:10:27
500110061,30,13,17,2024-07-31 02:03:20
500110063,30,6,24,2024-07-31 02:22:19
500110064,25,0,25,2024-07-31 00:24:14
500110066,30,20,10,2024-07-31 02:30:31
500110066,30,20,10,2024-07-31 00:57:21
500110067,34,31,3,2024-07-31 00:23:08
500110069,20,13,7,2024-07-31 00:56:19
500110070,15,3,12,2024-07-31 03:07:19
500110070,15,2,13,2024-07-31 00:47:19
500110071,28,16,12,2024-07-31 03:11:19
500110072,20,0,19,2024-07-31 03:08:14
500110074,15,5,10,2024-07-31 00:50:28
500110078,28,17,11,2024-07-31 01:01:23
500110078,28,15,13,2024-07-31 02:44:19
500110079,20,17,3,2024-07-31 01:45:20
500110080,11,7,4,2024-07-31 00:48:19
500110081,15,6,9,2024-07-31 00:46:19
500110082,15,0,15,2024-07-31 02:59:14
500110083,15,12,3,2024-07-31 00:42:19
500110083,15,11,4,2024-07-31 01:54:20
500110084,26,20,6,2024-07-31 01:43:19
500110086,24,5,19,2024-07-31 00:36:20
500110087,15,14,1,2024-07-31 02:44:14
500110088,15,5,10,2024-07-31 02:54:19
500110089,16,13,3,2024-07-31 01:56:19
500110089,16,12,4,2024-07-31 00:57:21
500110090,26,19,7,2024-07-31 01:35:20
500111001,25,14,8,2024-07-31 03:13:18
500111003,65,27,38,2024-07-31 01:51:19
500111004,35,19,16,2024-07-31 00:17:37
500111005,53,17,36,2024-07-31 01:03:19
500111006,15,4,11,2024-07-31 03:17:35
500111006,15,4,11,2024-07-31 00:27:19
500111007,43,5,38,2024-07-31 01:01:23
500111009,36,27,9,2024-07-31 00:08:19
500111014,40,34,6,2024-07-31 02:12:19
500111015,25,23,2,2024-07-31 00:42:19
500111015,25,22,3,2024-07-31 02:19:18
500111016,25,22,3,2024-07-31 01:01:24
500111017,25,18,7,2024-07-31 01:57:19
500111017,25,16,9,2024-07-31 00:48:19
500111018,15,6,9,2024-07-31 00:30:50
500111018,15,5,10,2024-07-31 01:49:18
500111021,26,15,11,2024-07-31 00:51:20
500111022,40,20,20,2024-07-31 00:36:20
500111024,27,16,11,2024-07-31 00:34:19
500111028,22,14,8,2024-07-31 01:04:19
500111029,20,10,10,2024-07-31 00:45:21
500111032,21,4,17,2024-07-31 03:03:15
500111032,21,0,21,2024-07-31 00:46:14
500111033,26,13,13,2024-07-31 00:03:20
500111035,30,6,24,2024-07-31 03:17:30
500111036,26,13,13,2024-07-31 00:35:20
500111037,25,3,22,2024-07-31 00:53:19
500111038,35,5,30,2024-07-31 01:57:48
500111038,35,4,31,2024-07-31 00:07:14
500111039,26,9,17,2024-07-31 00:17:37
500111040,20,6,14,2024-07-31 03:19:18
500111040,20,6,14,2024-07-31 00:24:19
500111042,20,18,2,2024-07-31 00:21:19
500111045,40,11,29,2024-07-31 02:48:19
500111047,26,20,6,2024-07-31 00:18:14
500111048,25,15,8,2024-07-31 00:52:20
500111049,20,15,5,2024-07-31 00:18:19
500111050,21,12,9,2024-07-31 00:13:21
500111050,21,11,10,2024-07-31 02:07:19
500111051,24,18,6,2024-07-31 00:59:19
500111052,20,9,11,2024-07-31 00:53:19
500111053,13,9,4,2024-07-31 00:11:19
500111053,13,8,5,2024-07-31 01:22:20
500111056,20,2,18,2024-07-31 01:01:23
500111057,18,11,1,2024-07-31 02:06:19
500111057,18,10,2,2024-07-31 00:24:19
500111058,15,7,8,2024-07-31 02:45:20
500111059,17,7,10,2024-07-31 01:08:20
500111060,51,43,8,2024-07-31 00:17:37
500111061,25,8,17,2024-07-31 01:07:19
500111062,22,3,19,2024-07-31 00:13:21
500111063,17,11,5,2024-07-31 02:54:19
500111066,14,4,10,2024-07-31 00:58:09
500111067,18,15,3,2024-07-31 03:19:18
500111069,48,1,47,2024-07-31 00:34:19
500111070,27,19,7,2024-07-31 02:13:18
500111070,27,16,10,2024-07-31 01:09:19
500111071,14,4,10,2024-07-31 00:53:19
500111073,15,8,6,2024-07-31 00:14:14
500111074,24,15,9,2024-07-31 00:30:50
500111075,17,14,3,2024-07-31 02:52:18
500111077,15,9,6,2024-07-31 02:16:19
500111081,20,4,15,2024-07-31 00:51:20
500111083,16,6,10,2024-07-31 00:49:20
500111084,15,13,2,2024-07-31 00:23:08
500111085,12,4,8,2024-07-31 00:47:19
500112003,16,16,0,2024-07-31 01:57:43
500112004,24,13,11,2024-07-31 00:21:19
500112005,15,12,3,2024-07-31 00:08:19
500112005,15,5,10,2024-07-31 01:43:14
500112006,41,24,17,2024-07-31 01:23:20
500112006,41,23,18,2024-07-31 00:41:19
500112007,64,3,60,2024-07-31 01:02:19
500112008,47,35,11,2024-07-31 02:22:19
500112009,60,24,36,2024-07-31 01:57:19
500112010,31,15,15,2024-07-31 00:52:20
500112012,25,15,4,2024-07-31 01:05:15
500112013,18,1,17,2024-07-31 00:59:15
500112013,18,0,18,2024-07-31 01:17:32
500112014,24,3,21,2024-07-31 00:53:19
500112016,34,17,8,2024-07-31 03:09:19
500112017,53,25,28,2024-07-31 00:48:19
500112018,35,3,31,2024-07-31 01:09:19
500112020,17,11,5,2024-07-31 01:24:19
500112021,16,0,16,2024-07-31 01:08:14
500112022,56,22,33,2024-07-31 03:19:18
500112028,23,18,5,2024-07-31 00:46:19
500112030,39,0,39,2024-07-31 01:56:14
500112031,28,2,26,2024-07-31 00:56:19
500112031,28,0,28,2024-07-31 02:21:14
500112033,44,2,41,2024-07-31 01:24:14
500112036,21,13,8,2024-07-31 03:13:18
500112037,41,17,24,2024-07-31 02:27:18
500112037,41,14,27,2024-07-31 01:09:19
500112038,31,1,30,2024-07-31 00:52:15
500112038,31,0,31,2024-07-31 02:30:26
500112040,35,23,5,2024-07-31 02:31:19
500112042,17,1,16,2024-07-31 00:06:14
500112044,26,7,9,2024-07-31 00:47:19
500112048,12,5,6,2024-07-31 01:45:20
500112048,12,3,8,2024-07-31 00:50:28
500112050,37,24,9,2024-07-31 02:13:18
500112050,37,23,9,2024-07-31 00:11:19
500112051,35,24,11,2024-07-31 01:07:19
500112052,22,5,17,2024-07-31 02:31:19
500112054,42,7,35,2024-07-31 00:59:19
500112056,21,3,18,2024-07-31 00:31:19
500112056,21,2,19,2024-07-31 01:56:19
500112059,15,10,0,2024-07-31 00:10:22
500112060,18,4,6,2024-07-31 01:01:23
500112062,20,17,2,2024-07-31 03:03:20
500112062,20,16,3,2024-07-31 01:04:19
500112065,40,1,39,2024-07-31 00:08:19
500112066,54,3,50,2024-07-31 00:23:02
500112066,54,1,52,2024-07-31 02:32:19
500112067,30,16,8,2024-07-31 00:27:19
500112068,32,22,10,2024-07-31 00:57:21
500112069,32,11,21,2024-07-31 01:09:19
500112069,32,10,22,2024-07-31 02:31:19
500112070,30,20,10,2024-07-31 02:34:18
500112070,30,18,12,2024-07-31 01:05:22
500112071,32,30,2,2024-07-31 02:01:21
500112073,38,4,34,2024-07-31 03:08:19
500112075,26,1,25,2024-07-31 00:45:21
500112079,20,4,16,2024-07-31 01:01:23
500112081,60,1,59,2024-07-31 03:10:28
500112083,23,11,12,2024-07-31 03:13:18
500112083,23,10,13,2024-07-31 00:40:27
500112084,26,13,13,2024-07-31 00:30:50
500112085,92,15,77,2024-07-31 02:01:21
500112085,92,1,91,2024-07-31 00:47:19
500112087,21,16,5,2024-07-31 00:23:14
500112088,12,6,3,2024-07-31 00:19:19
500112089,24,2,22,2024-07-31 03:16:14
500112089,24,0,24,2024-07-31 00:54:14
500112090,15,0,14,2024-07-31 00:48:14
500112092,23,9,14,2024-07-31 00:01:21
500112093,14,1,13,2024-07-31 01:09:19
500112094,15,14,0,2024-07-31 00:28:15
500112095,22,22,0,2024-07-31 01:30:28
500112099,23,9,14,2024-07-31 03:18:19
500112099,23,7,15,2024-07-31 00:59:19
500112101,20,7,9,2024-07-31 00:21:18
500112102,17,17,0,2024-07-31 00:51:15
500112105,25,0,25,2024-07-31 00:17:32
500112106,15,1,14,2024-07-31 00:32:19
500112109,15,11,2,2024-07-31 00:51:20
500112110,20,20,0,2024-07-31 01:28:14
500112110,20,15,5,2024-07-31 00:39:18
500113001,14,6,7,2024-07-31 00:59:19
500113002,17,17,0,2024-07-31 02:21:14
500113003,10,9,1,2024-07-31 01:07:19
500113004,22,10,8,2024-07-31 01:34:19
500113005,25,21,1,2024-07-31 01:51:19
500113006,23,12,11,2024-07-31 01:01:23
500113007,25,11,14,2024-07-31 03:03:20
500113007,25,11,14,2024-07-31 01:08:20
500113008,51,36,15,2024-07-31 01:05:22
500113009,28,23,3,2024-07-31 00:22:20
500113010,24,0,24,2024-07-31 01:45:15
500113012,38,34,4,2024-07-31 01:09:19
500113012,38,23,15,2024-07-31 03:17:35
500113015,10,10,0,2024-07-31 01:43:14
500113017,33,25,8,2024-07-31 00:31:19
500113018,12,6,6,2024-07-31 00:59:19
500113019,29,16,7,2024-07-31 01:01:24
500113022,50,28,22,2024-07-31 03:13:18
500113022,50,28,22,2024-07-31 01:07:19
500113025,24,12,12,2024-07-31 03:16:18
500113027,23,16,7,2024-07-31 03:05:20
500113027,23,16,7,2024-07-31 01:09:19
500113028,20,12,8,2024-07-31 00:47:19
500113029,22,14,8,2024-07-31 00:09:19
500113031,16,10,2,2024-07-31 01:06:19
500113033,23,8,14,2024-07-31 01:03:19
500113034,68,24,9,2024-07-31 01:07:19
500113035,47,7,36,2024-07-31 03:12:19
500113036,30,19,11,2024-07-31 02:25:20
500113038,87,2,85,2024-07-31 01:09:19
500113039,34,1,33,2024-07-31 02:47:14
500113040,30,0,30,2024-07-31 02:04:15
500113041,30,3,27,2024-07-31 02:03:20
500113041,30,3,27,2024-07-31 00:43:19
500113042,51,19,32,2024-07-31 01:09:19
500113043,50,28,22,2024-07-31 02:46:19
500113043,50,28,22,2024-07-31 00:58:09
500113044,53,15,38,2024-07-31 00:43:19
500113045,42,2,40,2024-07-31 01:08:20
500113047,15,15,0,2024-07-31 00:52:15
500113047,15,13,2,2024-07-31 03:16:18
500113048,15,13,2,2024-07-31 02:36:18
500113048,15,10,5,2024-07-31 00:57:21
500113049,24,2,22,2024-07-31 01:01:24
500113049,24,1,23,2024-07-31 02:38:14
500113055,14,8,6,2024-07-31 01:29:18
500113055,14,7,7,2024-07-31 00:01:22
500113057,15,8,7,2024-07-31 00:56:20
500113058,28,18,5,2024-07-31 02:06:19
500113060,20,5,15,2024-07-31 01:05:22
500113061,14,9,5,2024-07-31 03:17:35
500113062,15,10,5,2024-07-31 00:31:19
500113064,29,23,6,2024-07-31 03:11:19
500113066,46,19,27,2024-07-31 00:32:19
500113070,20,15,5,2024-07-31 02:32:19
500113071,10,7,3,2024-07-31 01:47:19
500113072,12,10,2,2024-07-31 01:59:19
500113073,23,13,5,2024-07-31 01:16:18
500113079,24,16,8,2024-07-31 02:53:19
500113080,15,12,0,2024-07-31 01:05:15
500113081,19,15,4,2024-07-31 02:40:27
500113085,14,6,8,2024-07-31 02:12:19
500113086,15,8,6,2024-07-31 01:51:19
500113087,21,9,6,2024-07-31 00:50:28
500119005,37,36,0,2024-07-31 00:56:14
500119006,32,32,0,2024-07-31 02:05:15
500119007,18,13,5,2024-07-31 00:54:20
500119009,30,30,0,2024-07-31 01:09:19
500119044,23,4,19,2024-07-31 00:13:21
500119048,53,29,24,2024-07-31 00:54:20
500119055,28,1,27,2024-07-31 02:34:14
500119055,28,0,28,2024-07-31 00:15:15
500119056,10,2,8,2024-07-31 00:48:19
500119056,10,1,9,2024-07-31 03:05:20
500119057,48,1,47,2024-07-31 03:11:19
500119063,27,6,21,2024-07-31 02:01:21
500119067,42,0,42,2024-07-31 02:03:15
500119074,30,0,30,2024-07-31 01:41:14
500119076,22,3,19,2024-07-31 01:05:22
500119076,22,0,22,2024-07-31 02:29:14
500119079,19,16,3,2024-07-31 00:29:19
500119080,10,2,8,2024-07-31 01:05:15
500119081,11,4,7,2024-07-31 03:03:20
500119084,10,4,6,2024-07-31 02:21:19
500119086,25,6,19,2024-07-31 00:40:27
500119086,25,4,21,2024-07-31 01:17:37
